link,results
/max-clark/profil/spieler/183291,"218,000,000"
/sergio-postigo/profil/spieler/158791,"1,090,000"
/stanislav-iljutcenko/profil/spieler/191292,"167,000"
/ivan-marcone/profil/spieler/90451,"956,000"
/florent-mollet/profil/spieler/222859,"419,000"
/juanpe/profil/spieler/115333,"660,000"
/alban-lafont/profil/spieler/357117,"503,000"
/bruno-viana/profil/spieler/411838,"15,200,000"
/emil-audero/profil/spieler/256339,"233,000"
/christian-gentner/profil/spieler/19112,"822,000"
/jordan-archer/profil/spieler/177952,"26,000,000"
/afonso-figueiredo/profil/spieler/237000,"14,400,000"
/everton-luiz/profil/spieler/75076,"12,400,000"
/trent-alexander-arnold/profil/spieler/314353,"18,000,000"
/dominique-badji/profil/spieler/354840,"206,000"
/shkodran-mustafi/profil/spieler/88590,"2,010,000"
/lazar-rosic/profil/spieler/198053,"91,400"
/matheus-cunha/profil/spieler/517894,"7,180,000"
/orji-okwonkwo/profil/spieler/401935,"271,000"
/gwion-edwards/profil/spieler/192766,"86,600"
/abdullah-durak/profil/spieler/82713,"2,290,000"
/ricardo-ryller/profil/spieler/349443,"34,200"
/elson-hooi/profil/spieler/229228,"93,300"
/evgeni-chernov/profil/spieler/187024,"95,500"
/warner-hahn/profil/spieler/111180,"10,900,000"
/alex-blanco/profil/spieler/328914,"80,800,000"
/julian-gressel/profil/spieler/229640,"142,000"
/domenico-criscito/profil/spieler/44136,"362,000"
/alexander-milosevic/profil/spieler/171376,"1,210,000"
/jordan-lefort/profil/spieler/192492,"2,480,000"
/fernando-zampedri/profil/spieler/104006,"204,000"
/deklan-wynne/profil/spieler/298228,"62,700"
/jordan-henderson/profil/spieler/61651,"74,600,000"
/kamil-zakirov/profil/spieler/494353,"39,300"
/niko-giesselmann/profil/spieler/72792,"113,000"
/thomas-roberts/profil/spieler/513967,"277,000,000"
/jan-zamburek/profil/spieler/487924,"8,150"
/robin-bormuth/profil/spieler/283286,
/jordan-torunarigha/profil/spieler/227110,"216,000"
/mile-jedinak/profil/spieler/28336,"479,000"
/tyrone-mings/profil/spieler/253677,"330,000"
/john-mcginn/profil/spieler/193116,"5,740,000"
/diogo-jota/profil/spieler/340950,"2,990,000"
/omir-fernandez/profil/spieler/467271,"63,600"
/gonzalo-escalante/profil/spieler/266795,"4,770,000"
/nicolas-blandi/profil/spieler/153022,"207,000"
/danny-bakker/profil/spieler/250440,"23,600,000"
/charles/profil/spieler/154059,"2,050,000,000"
/leandro-fernandez/profil/spieler/131840,"13,700,000"
/igor-akinfeev/profil/spieler/15570,"539,000"
/andre-shinyashiki/profil/spieler/636331,"110,000"
/jake-cooper/profil/spieler/243603,"70,500,000"
/neymar/profil/spieler/68290,"168,000,000"
/pierre-emerick-aubameyang/profil/spieler/58864,"9,170,000"
/serdar-dursun/profil/spieler/80059,"3,470,000"
/valon-behrami/profil/spieler/21905,"712,000"
/cristian-herrera/profil/spieler/237617,"17,500,000"
/kalindi/profil/spieler/379377,"2,210,000"
/lorenzo-tonelli/profil/spieler/111347,"2,620,000"
/enzo-zidane/profil/spieler/106825,"2,320,000"
/kevin-trapp/profil/spieler/45672,"5,750,000"
/serhou-guirassy/profil/spieler/270541,"49,900"
/kerem-demirbay/profil/spieler/125858,"1,550,000"
/bulent-cevahir/profil/spieler/147518,"715,000"
/juan-aguilera/profil/spieler/75820,"24,600,000"
/josete/profil/spieler/77037,"2,070,000"
/moreno-rutten/profil/spieler/187296,"949,000"
/jeff-attinella/profil/spieler/179323,"61,200"
/ozan-kabak/profil/spieler/361260,"2,270,000"
/laszlo-benes/profil/spieler/243188,"67,500"
/ishak-belfodil/profil/spieler/111039,"602,000"
/mauro-cerqueira/profil/spieler/352847,"4,130,000"
/mario-rui/profil/spieler/87884,"19,300,000"
/terence-kongolo/profil/spieler/152651,"267,000"
/pavel-yakovlev/profil/spieler/63170,"560,000"
/nicola-sansone/profil/spieler/82048,"1,460,000"
/marc-cucurella/profil/spieler/284857,"648,000"
/jan-ingwer-callsen-bracker/profil/spieler/3851,"104,000"
/clement-lenglet/profil/spieler/182904,"704,000"
/jonathan-de-guzman/profil/spieler/31067,"7,580,000"
/dario-benedetto/profil/spieler/92693,"1,550,000"
/marcelo-goiano/profil/spieler/248903,"2,010,000"
/sergio-gil/profil/spieler/255994,"32,700,000"
/ramon-abila/profil/spieler/88049,"240,000"
/yohan-croizet/profil/spieler/195910,"58,100"
/calogero-rizzuto/profil/spieler/93753,"195,000"
/aleksandr-samedov/profil/spieler/15076,"258,000"
/darron-gibson/profil/spieler/42413,"685,000"
/serhii-rybalka/profil/spieler/81649,"48,000"
/martin-chrien/profil/spieler/252712,"106,000"
/jorge-pulido/profil/spieler/67546,"12,000,000"
/claudio-yacob/profil/spieler/45330,"243,000"
/nicolas-aguirre/profil/spieler/88166,"10,700,000"
/lautaro-gianetti/profil/spieler/225963,"47,900"
/bruno-ecuele-manga/profil/spieler/60990,"177,000"
/oliver-mcburnie/profil/spieler/298477,"209,000"
/ferhat-kaplan/profil/spieler/93104,"1,650,000"
/fallou-diagne/profil/spieler/82389,"496,000"
/aissa-mandi/profil/spieler/80293,"289,000"
/aaron-seydel/profil/spieler/187499,"177,000"
/maximiliano-gomez/profil/spieler/396894,"20,200,000"
/yuri-gazinskiy/profil/spieler/159957,"89,100"
/nicolas-benezet/profil/spieler/164230,"258,000"
/john-goossens/profil/spieler/35527,"3,150,000"
/ruud-boffin/profil/spieler/31336,"103,000"
/tomas-hubocan/profil/spieler/63252,"132,000"
/nick-kuipers/profil/spieler/159032,"1,160,000"
/papiss-demba-cisse/profil/spieler/33952,"188,000"
/ben-amos/profil/spieler/73472,"27,500,000"
/nikola-maras/profil/spieler/258475,"363,000"
/yann-aurel-bisseck/profil/spieler/441986,"37,800"
/yeray-alvarez/profil/spieler/255488,"293,000"
/ivan-gomez/profil/spieler/459318,"62,200,000"
/iker-casillas/profil/spieler/3979,"30,200,000"
/maximilian-jansen/profil/spieler/149209,"1,840,000"
/dominik-baumgartner/profil/spieler/206906,"1,090,000"
/niki-jackson/profil/spieler/544390,"17,600,000"
/mathias-suarez/profil/spieler/294895,"5,750,000"
/nikola-stojiljkovic/profil/spieler/113504,"295,000"
/jordan-teze/profil/spieler/364245,"1,500,000"
/nikola-vukcevic/profil/spieler/151470,"324,000"
/asier-illarramendi/profil/spieler/59344,"495,000"
/claudio-marchisio/profil/spieler/44716,"2,850,000"
/iddrisu-baba/profil/spieler/442805,"101,000"
/kristoffer-olsson/profil/spieler/193592,"2,040,000"
/ilzat-akhmetov/profil/spieler/334440,"59,600"
/lucas-digne/profil/spieler/126664,"4,350,000"
/ravanelli/profil/spieler/390370,"1,660,000"
/lionel-messi/profil/spieler/28003,"190,000,000"
/raul-albiol/profil/spieler/15452,"532,000"
/rodrigo-brana/profil/spieler/56001,"2,570,000"
/josh-sargent/profil/spieler/393325,"5,520,000"
/gonzalo-castellani/profil/spieler/87840,"530,000"
/dominik-kohr/profil/spieler/118847,"212,000"
/timur-zhamaletdinov/profil/spieler/315557,"94,800"
/pawel-jaroszynski/profil/spieler/287600,"68,700"
/rani-khedira/profil/spieler/124410,"178,000"
/lisandro-martinez/profil/spieler/480762,"7,220,000"
/ahmed-ildiz/profil/spieler/226169,"135,000"
/erick-cabaco/profil/spieler/302991,"159,000"
/salih-dursun/profil/spieler/176961,"4,520,000"
/rouwen-hennings/profil/spieler/16311,"170,000"
/javier-manquillo/profil/spieler/162029,"245,000"
/vincent-manceau/profil/spieler/83132,"459,000"
/adis-jahovic/profil/spieler/98536,"417,000"
/tom-carroll/profil/spieler/121279,"59,500,000"
/jonathan-biabiany/profil/spieler/45567,"269,000"
/nahuel-molina/profil/spieler/424042,"2,040,000"
/jonas-martin/profil/spieler/127142,"124,000,000"
/marlon-ritter/profil/spieler/151636,"3,090,000"
/ayoub-el-kaabi/profil/spieler/521127,"210,000"
/adam-smith/profil/spieler/61841,"522,000,000"
/chris-lowe/profil/spieler/55125,"1,760,000"
/sem-steijn/profil/spieler/593519,"56,900"
/alex-telles/profil/spieler/255755,"10,100,000"
/jorrit-hendrix/profil/spieler/205004,"205,000"
/marco-asensio/profil/spieler/296622,"8,300,000"
/timo-baumgartl/profil/spieler/187491,"308,000"
/javi-fuego/profil/spieler/56134,"3,510,000"
/joao-teixeira/profil/spieler/182710,"59,700,000"
/facundo-piriz/profil/spieler/148607,"192,000"
/younes-namli/profil/spieler/227039,"87,700"
/arturo-calabresi/profil/spieler/240897,"391,000"
/niklas-sule/profil/spieler/166601,"647,000"
/kyle-bartley/profil/spieler/67421,"1,590,000"
/ryan-manning/profil/spieler/262300,"67,200,000"
/omar-browne/profil/spieler/189523,"5,960,000"
/sergey-petrov/profil/spieler/102581,"2,440,000"
/ezequiel-unsain/profil/spieler/337600,"243,000"
/pele/profil/spieler/99189,"175,000,000"
/fabio-quagliarella/profil/spieler/22328,"5,830,000"
/mubarak-wakaso/profil/spieler/45639,"472,000"
/lionn/profil/spieler/75116,"505,000"
/gaston-bojanich/profil/spieler/357337,"63,100"
/rodrigo-de-paul/profil/spieler/255901,"58,900,000"
/bruno-martins-indi/profil/spieler/112052,"1,030,000"
/pierrick-capelle/profil/spieler/214532,"465,000"
/jonathan-osorio/profil/spieler/260807,"8,250,000"
/giorgi-papunashvili/profil/spieler/214259,"73,400"
/lukas-gugganig/profil/spieler/164142,"80,500"
/drew-moor/profil/spieler/39503,"6,580,000"
/julian-brandt/profil/spieler/187492,"13,300,000"
/denis-thomalla/profil/spieler/94030,"139,000"
/sergio-ramos/profil/spieler/25557,"81,500,000"
/giorgi-aburjania/profil/spieler/186848,"62,200"
/nathan-byrne/profil/spieler/121276,"13,700,000"
/faycal-fajr/profil/spieler/174344,"139,000"
/richonell-margaret/profil/spieler/465326,"90,600"
/guilherme-oliveira/profil/spieler/257369,"34,100,000"
/artem-rebrov/profil/spieler/15680,"49,900"
/yohan-benalouane/profil/spieler/50477,"204,000"
/milton-alvarez/profil/spieler/526527,"13,200,000"
/johan-blomberg/profil/spieler/107539,"1,170,000"
/diego-valoyes/profil/spieler/413983,"254,000"
/milan-lukac/profil/spieler/47024,"299,000"
/sven-michel/profil/spieler/186988,"14,000,000"
/jannik-dehm/profil/spieler/211671,"143,000"
/james-milner/profil/spieler/3333,"18,900,000"
/miguel-veloso/profil/spieler/43848,"14,100,000"
/cristian-ansaldi/profil/spieler/55854,"515,000"
/fabian-henriquez/profil/spieler/400611,"3,590,000"
/ruben-duarte/profil/spieler/177046,"5,490,000"
/nildo-petrolina/profil/spieler/158427,"106,000"
/emiliano-velazquez/profil/spieler/189458,"3,400,000"
/chris-basham/profil/spieler/52495,"1,200,000"
/maciej-wilusz/profil/spieler/42109,"106,000"
/gerard-moreno/profil/spieler/177467,"15,000,000"
/ciro-rius/profil/spieler/101875,"286,000"
/nikolay-markov/profil/spieler/89088,"697,000"
/zelimkhan-bakaev/profil/spieler/279242,"48,200"
/maxime-le-marchand/profil/spieler/60558,"5,340,000"
/john-guidetti/profil/spieler/98596,"3,460,000"
/antonis-aidonis/profil/spieler/405674,"49,400"
/assil-jaziri/profil/spieler/633398,"12,400"
/guilherme/profil/spieler/55369,"96,200,000"
/alfredo-morales/profil/spieler/58500,"24,300,000"
/claudio-falcao/profil/spieler/437566,"22,100,000"
/accioly/profil/spieler/56054,"1,700,000"
/carlos-soler/profil/spieler/372246,"24,200,000"
/dani-schahin/profil/spieler/58437,"99,200"
/miguel-linares/profil/spieler/95504,"18,700,000"
/danil-lipovoy/profil/spieler/462988,"13,300"
/shawn-parker/profil/spieler/89659,"31,800,000"
/alvaro-vadillo/profil/spieler/162074,"396,000"
/stefan-johansen/profil/spieler/62008,"4,420,000"
/iker-muniain/profil/spieler/54235,"671,000"
/daniel-heuer-fernandes/profil/spieler/84993,"342,000"
/jason-puncheon/profil/spieler/47995,"323,000"
/cian-harries/profil/spieler/319300,"91,900"
/oliver-skipp/profil/spieler/406638,"225,000"
/kylian-mbappe/profil/spieler/342229,"16,000,000"
/edimilson-fernandes/profil/spieler/247555,"729,000"
/kortney-hause/profil/spieler/233124,"191,000"
/minhoca/profil/spieler/194177,"1,460,000"
/gersom-klok/profil/spieler/56325,"44,500"
/georgios-tzavellas/profil/spieler/42942,"105,000"
/david-costas/profil/spieler/276111,"30,400,000"
/marcus-epps/profil/spieler/482646,"2,540,000"
/odil-akhmedov/profil/spieler/63606,
/javier-gandolfi/profil/spieler/26242,"1,120,000"
/daniel-salloi/profil/spieler/321946,"62,200"
/chey-dunkley/profil/spieler/217094,"348,000"
/martin-hinteregger/profil/spieler/85789,"700,000"
/erik-holt/profil/spieler/510344,"22,300,000"
/tim-knipping/profil/spieler/185520,"231,000"
/ryad-boudebouz/profil/spieler/77826,"561,000"
/marek-hamsik/profil/spieler/38593,"1,640,000"
/luquinhas/profil/spieler/402825,"415,000"
/branislav-ivanovic/profil/spieler/36827,"1,280,000"
/florian-kruger/profil/spieler/317740,"4,470,000"
/cameron-carter-vickers/profil/spieler/341049,"3,140,000"
/lewis-walker/profil/spieler/430801,
/rui-patricio/profil/spieler/45026,"2,830,000"
/magomed-elmurzaev/profil/spieler/450282,"13,500"
/ivan-arboleda/profil/spieler/260740,"3,180,000"
/alvaro-raton/profil/spieler/248551,"3,900,000"
/wesley-lautoa/profil/spieler/154199,"99,000"
/diogo-goncalves/profil/spieler/258015,"11,000,000"
/tomas-rincon/profil/spieler/75942,"9,300,000"
/samuel-chukwueze/profil/spieler/401922,"317,000"
/simone-iacoponi/profil/spieler/59699,"141,000"
/oliver-sorg/profil/spieler/55114,"1,950,000"
/marcos-acuna/profil/spieler/60410,"9,120,000"
/xadas/profil/spieler/345345,"90,600"
/nicola-dalmonte/profil/spieler/301237,"378,000"
/lennart-thy/profil/spieler/23553,"720,000"
/juan-andrada/profil/spieler/457212,"3,860,000"
/jan-moravek/profil/spieler/63022,"439,000"
/nicolas-domingo/profil/spieler/39150,"46,600,000"
/kevin-kampl/profil/spieler/53418,"587,000"
/kofi-opare/profil/spieler/256357,"450,000"
/mitchell-dijks/profil/spieler/187245,"227,000"
/gotoku-sakai/profil/spieler/103310,"248,000"
/vlad-chiriches/profil/spieler/123261,"324,000"
/artur-nigmatullin/profil/spieler/70074,"59,100"
/romain-thomas/profil/spieler/57467,"34,900,000"
/derrick-luckassen/profil/spieler/241457,"129,000"
/oscar-trejo/profil/spieler/30321,"7,880,000"
/dominik-reimann/profil/spieler/238722,"503,000"
/moataz-zemzemi/profil/spieler/422893,"33,500"
/nils-roseler/profil/spieler/47740,"82,600"
/tomer-hemed/profil/spieler/112668,"194,000"
/olivier-boscagli/profil/spieler/318508,"68,500"
/tristan-dekker/profil/spieler/315124,"753,000"
/jan-kral/profil/spieler/358132,"6,300,000"
/jovane-cabral/profil/spieler/448466,"186,000"
/alex-ferrari/profil/spieler/197491,"60,500,000"
/marwin-reuvers/profil/spieler/470910,"29,500"
/ayo-akinola/profil/spieler/370979,"232,000"
/alessandro-murgia/profil/spieler/289061,"2,200,000"
/daniel-didavi/profil/spieler/57995,"236,000"
/andrey-lunev/profil/spieler/112541,"110,000"
/ilkay-gundogan/profil/spieler/53622,"842,000"
/dani-parejo/profil/spieler/59561,"3,230,000"
/sandro-wagner/profil/spieler/39743,"12,800,000"
/nikola-vlasic/profil/spieler/293200,"274,000"
/svante-ingelsson/profil/spieler/321079,"118,000"
/yannick-stark/profil/spieler/49737,"2,090,000"
/pablo-mari/profil/spieler/210178,"141,000"
/rui-silva/profil/spieler/234811,"42,300,000"
/gedion-zelalem/profil/spieler/228370,"179,000"
/thijmen-goppel/profil/spieler/342240,"40,400"
/nolan-mbemba/profil/spieler/276768,"62,700"
/frank-acheampong/profil/spieler/157160,"631,000"
/sebastian-palacios/profil/spieler/262861,"9,910,000"
/tono/profil/spieler/125931,"142,000,000"
/boubacar-kamara/profil/spieler/394327,"655,000"
/felix-eboa-eboa/profil/spieler/296359,"40,100"
/molla-wague/profil/spieler/129893,"75,800"
/eric-dier/profil/spieler/175722,"5,810,000"
/tate-schmitt/profil/spieler/637658,"3,800,000"
/robert-leipertz/profil/spieler/119120,"79,700"
/stiven-mendoza/profil/spieler/131101,"561,000"
/arturo-mina/profil/spieler/263628,"11,800,000"
/andre-claro/profil/spieler/86804,"48,500,000"
/lucas-tousart/profil/spieler/353948,"392,000"
/josue/profil/spieler/72772,"25,900,000"
/alejandro-pozuelo/profil/spieler/188853,"2,190,000"
/sergio-floccari/profil/spieler/30638,"243,000"
/ionut-radu/profil/spieler/303657,"2,840,000"
/abdou-traore/profil/spieler/42941,"610,000"
/marc-andre-ter-stegen/profil/spieler/74857,"1,450,000"
/damian-batallini/profil/spieler/421998,"46,300"
/alireza-jahanbakhsh/profil/spieler/213268,"965,000"
/ademola-lookman/profil/spieler/406040,"365,000"
/rajko-rotman/profil/spieler/100303,"133,000"
/michael-murillo/profil/spieler/354482,"15,200,000"
/platiny/profil/spieler/248901,"455,000"
/kekuta-manneh/profil/spieler/253053,"80,800"
/said-benrahma/profil/spieler/290532,"71,500"
/daryl-murphy/profil/spieler/31312,"11,800,000"
/anwar-el-ghazi/profil/spieler/183720,"777,000"
/mickey-van-der-hart/profil/spieler/207048,"7,460,000"
/jordan-morris/profil/spieler/337807,"89,300,000"
/clinton-njie/profil/spieler/241119,"418,000"
/santi-comesana/profil/spieler/380598,"1,100,000"
/onur-ayik/profil/spieler/52006,"162,000"
/rodrigo-battaglia/profil/spieler/89297,"2,380,000"
/ih-yeong-park/profil/spieler/307397,"129,000"
/welinton/profil/spieler/95152,"1,080,000"
/antonio-mirante/profil/spieler/22141,"6,630,000"
/dominic-samuel/profil/spieler/203784,"24,900,000"
/dogukan-sinik/profil/spieler/370833,"75,300"
/mikhail-ignatov/profil/spieler/419672,"117,000"
/orel-mangala/profil/spieler/289592,"180,000"
/nils-butzen/profil/spieler/151105,"177,000"
/steffen-schafer/profil/spieler/119291,"5,250,000"
/luca-sangalli/profil/spieler/289286,"656,000"
/tommy-elphick/profil/spieler/37152,"318,000"
/salvatore-sirigu/profil/spieler/25508,"766,000"
/ander-capa/profil/spieler/197545,"1,270,000"
/pablo-valcarce/profil/spieler/365313,"434,000"
/georgi-zotov/profil/spieler/113235,"62,500"
/christian-fernandez/profil/spieler/48294,"108,000,000"
/djordje-mihailovic/profil/spieler/484756,"536,000"
/juan-foyth/profil/spieler/480763,"518,000"
/eder/profil/spieler/37418,"3,760,000"
/diogo-leite/profil/spieler/357156,"12,000,000"
/kyle-vassell/profil/spieler/293002,"178,000"
/laurent-ciman/profil/spieler/22338,"283,000"
/kik-pierie/profil/spieler/361207,"128,000"
/richard-magyar/profil/spieler/148727,"164,000,000"
/arthur/profil/spieler/362842,"645,000,000"
/vincent-laurini/profil/spieler/94936,"378,000"
/danilo-silva/profil/spieler/61952,"29,100,000"
/osvaldo-alonso/profil/spieler/62810,"6,930,000"
/tobias-mohr/profil/spieler/153661,"4,120,000"
/hee-chan-hwang/profil/spieler/292246,"5,700,000"
/lautaro-guzman/profil/spieler/626916,"3,430,000"
/martin-skrtel/profil/spieler/24180,"1,110,000"
/julian-pollersbeck/profil/spieler/228975,"154,000"
/deni-milosevic/profil/spieler/168163,"199,000"
/ze-luis/profil/spieler/134602,"11,500,000"
/mathias-normann/profil/spieler/257805,"476,000"
/timo-werner/profil/spieler/170527,"10,000,000"
/ismael-quilez/profil/spieler/91360,"204,000"
/beram-kayal/profil/spieler/44741,"174,000"
/valter-birsa/profil/spieler/26105,"316,000"
/alex-muyl/profil/spieler/413690,"98,800"
/romain-genevois/profil/spieler/57525,"778,000"
/mohamed-elneny/profil/spieler/160438,"857,000"
/tom-davies/profil/spieler/314210,"74,400,000"
/sam-vines/profil/spieler/535282,"20,400,000"
/albert-rusnak/profil/spieler/43228,"228,000"
/enrique-borja/profil/spieler/417326,"14,300,000"
/marcus-thuram/profil/spieler/318528,"630,000"
/robert-andrich/profil/spieler/159088,"16,100,000"
/zac-macmath/profil/spieler/156300,
/sven-braken/profil/spieler/185400,"99,100"
/okechukwu-azubuike/profil/spieler/386126,"102,000"
/michael-brouwer/profil/spieler/231650,"7,510,000"
/egor-baburin/profil/spieler/146918,"33,400"
/sadio-mane/profil/spieler/200512,"7,790,000"
/kristofer-kristinsson/profil/spieler/400174,"129,000"
/evens-joseph/profil/spieler/593320,"2,300,000"
/lukas-kubler/profil/spieler/93604,"398,000"
/marvin-plattenhardt/profil/spieler/89592,
/emerson-hyndman/profil/spieler/223047,"333,000"
/darwin-quintero/profil/spieler/55666,"3,040,000"
/manuel-castro/profil/spieler/335984,"124,000,000"
/wilson-kamavuaka/profil/spieler/55512,"73,300"
/jese/profil/spieler/134936,"1,740,000"
/marco-dalessandro/profil/spieler/99232,"116,000,000"
/lucas-vazquez/profil/spieler/221316,"12,700,000"
/yekta-kurtulus/profil/spieler/63204,"90,700"
/raul-guti/profil/spieler/330352,"8,710,000"
/abdul-aziz-tetteh/profil/spieler/157003,"3,760,000"
/franck-evina/profil/spieler/336331,"77,700"
/ruben-pena/profil/spieler/238868,"30,100,000"
/keagan-dolly/profil/spieler/234006,"281,000"
/lewis-wing/profil/spieler/517286,"92,100,000"
/federico-cartabia/profil/spieler/242548,"506,000"
/isaac-hayden/profil/spieler/206225,"36,600,000"
/jack-butland/profil/spieler/128899,"909,000"
/michael-dawson/profil/spieler/9988,"66,600,000"
/aly-ghazal/profil/spieler/254981,"25,700,000"
/martin-montoya/profil/spieler/68645,"11,100,000"
/cristian-pavon/profil/spieler/373170,"1,750,000"
/alvaro-medran/profil/spieler/253839,"148,000"
/samba-sow/profil/spieler/89461,"2,900,000"
/alejandro-romero-gamarra/profil/spieler/355817,"2,330,000"
/oghenekaro-etebo/profil/spieler/409106,"107,000"
/khaled-adenon/profil/spieler/39174,"398,000"
/michael-hefele/profil/spieler/102382,"364,000"
/aatif-chahechouhe/profil/spieler/73480,"296,000"
/ramon-pascal-lundqvist/profil/spieler/238084,"138,000"
/nouha-dicko/profil/spieler/173750,"85,900"
/mustafa-akbas/profil/spieler/98113,"3,260,000"
/marakis/profil/spieler/188669,"31,700"
/cristian-chavez/profil/spieler/70132,"6,480,000"
/lazar-markovic/profil/spieler/144303,"1,320,000"
/maksim-semakin/profil/spieler/72165,"206,000"
/zian-flemming/profil/spieler/411537,"63,700"
/robert-strauss/profil/spieler/18068,"59,500,000"
/toni-lato/profil/spieler/320271,"9,110,000"
/jack-grealish/profil/spieler/203460,"1,800,000"
/tim-matavz/profil/spieler/50303,"203,000"
/albert-adomah/profil/spieler/83430,"661,000"
/kiki/profil/spieler/270055,"131,000,000"
/jake-nerwinski/profil/spieler/482612,"15,200"
/eljif-elmas/profil/spieler/400489,"2,550,000"
/dimitri-payet/profil/spieler/37647,"3,930,000"
/sven-ulreich/profil/spieler/40680,"451,000"
/danilo-soares/profil/spieler/154396,"14,700,000"
/robert-muhren/profil/spieler/186763,"139,000"
/johnny-russell/profil/spieler/55494,"65,900,000"
/henri-lansbury/profil/spieler/44794,"373,000"
/brandon-servania/profil/spieler/455979,"34,100"
/jailson/profil/spieler/366948,"4,810,000"
/britt-assombalonga/profil/spieler/186172,"204,000"
/conor-townsend/profil/spieler/146509,"1,670,000"
/ivan-markelov/profil/spieler/106569,"125,000"
/marcelo/profil/spieler/52920,"332,000,000"
/anton-shunin/profil/spieler/37549,"64,300"
/mikel-san-jose/profil/spieler/52469,"6,200,000"
/jan-vertonghen/profil/spieler/43250,"4,790,000"
/eric-miller/profil/spieler/245315,"315,000,000"
/kyle-duncan/profil/spieler/349699,"23,800,000"
/emmanuel-iyoha/profil/spieler/314245,"72,000"
/romulo/profil/spieler/121756,"6,650,000"
/murat-cem-akpinar/profil/spieler/388913,"1,060,000"
/luca-plogmann/profil/spieler/335997,"57,700"
/erwin-mulder/profil/spieler/56631,
/david-junca/profil/spieler/164055,"167,000"
/matias-caruzzo/profil/spieler/56573,"168,000"
/vitor-goncalves/profil/spieler/194547,"14,400,000"
/markel-susaeta/profil/spieler/54245,"353,000"
/brice-samba/profil/spieler/191056,"1,130,000"
/geronimo-rulli/profil/spieler/229604,"222,000"
/andrej-kramaric/profil/spieler/46580,"749,000"
/anaitz-arbilla/profil/spieler/71548,"95,100"
/alan/profil/spieler/73460,"1,130,000,000"
/benjamin-hubner/profil/spieler/52348,"1,370,000"
/kevin-lankford/profil/spieler/338879,"1,280,000"
/enis-hajri/profil/spieler/28735,"182,000"
/steve-mandanda/profil/spieler/23951,"1,570,000"
/raul-navas/profil/spieler/142419,"3,540,000"
/adrien-thomasson/profil/spieler/215977,"264,000"
/joshua-brenet/profil/spieler/207006,"193,000"
/erick-pulgar/profil/spieler/215616,"766,000"
/nick-rimando/profil/spieler/39434,"364,000"
/lucas-villalba/profil/spieler/240913,"6,740,000"
/simon-dawkins/profil/spieler/57488,"5,930,000"
/vitus-eicher/profil/spieler/57796,"87,800"
/fabian-ruiz/profil/spieler/350219,"17,800,000"
/carlos-akapo/profil/spieler/225015,"129,000"
/niltinho/profil/spieler/271353,"427,000"
/borys-tashchy/profil/spieler/138292,"28,300"
/aron-gunnarsson/profil/spieler/63821,"1,310,000"
/william/profil/spieler/153207,"3,440,000,000"
/toni-sunjic/profil/spieler/60790,"135,000"
/antonin-barak/profil/spieler/272261,"431,000"
/callum-connolly/profil/spieler/308632,"771,000"
/joe-gomez/profil/spieler/256178,"85,400,000"
/junio/profil/spieler/520469,"1,570,000,000"
/elhadji-pape-diaw/profil/spieler/410238,"101,000"
/florian-thauvin/profil/spieler/184892,"1,460,000"
/miguel-luis/profil/spieler/357161,"556,000,000"
/carlos-martinez/profil/spieler/58074,"164,000,000"
/yannis-ammour/profil/spieler/420782,"21,800"
/facundo-sanchez/profil/spieler/107523,"8,820,000"
/leo-stulac/profil/spieler/171159,"79,000"
/solly-march/profil/spieler/209212,"1,840,000"
/sebastian-griesbeck/profil/spieler/153555,"110,000"
/lewis-dunk/profil/spieler/148153,"6,970,000"
/bart-ramselaar/profil/spieler/326701,"499,000"
/roman-tugarev/profil/spieler/289643,"24,500"
/vladimir-rykov/profil/spieler/117802,"169,000"
/greg-leigh/profil/spieler/201586,"20,200,000"
/costinha/profil/spieler/236886,"867,000"
/alex-meret/profil/spieler/240414,"946,000"
/joao-carvalho/profil/spieler/258005,"105,000,000"
/ayoze-perez/profil/spieler/246968,"1,410,000"
/lukas-jutkiewicz/profil/spieler/33507,"113,000"
/mohammed-osman/profil/spieler/273431,"8,120,000"
/jaakko-oksanen/profil/spieler/433893,"406,000"
/oualid-el-hajjam/profil/spieler/283127,"69,100"
/taleb-tawatha/profil/spieler/60761,"381,000"
/jonathas/profil/spieler/58345,"2,600,000"
/moryke-fofana/profil/spieler/240497,"43,800"
/adrian-calello/profil/spieler/55911,"155,000"
/daniel-james/profil/spieler/319301,"1,170,000,000"
/baris-ekincier/profil/spieler/383223,"25,300"
/jack-robinson/profil/spieler/128909,"147,000,000"
/kevin-mohwald/profil/spieler/94137,"135,000"
/christian-kouame/profil/spieler/337725,"1,240,000"
/mucahit-can-akcay/profil/spieler/315202,"400,000"
/mohamed-drager/profil/spieler/192167,"244,000"
/joao-talocha/profil/spieler/205116,"36,700"
/reto-ziegler/profil/spieler/9915,"748,000"
/massimo-gobbi/profil/spieler/28020,"1,140,000"
/felix-wiedwald/profil/spieler/44594,"170,000"
/diogo-verdasca/profil/spieler/225162,"81,300"
/handwalla-bwana/profil/spieler/425824,"26,300"
/jefferson-montero/profil/spieler/77932,"3,820,000"
/paddy-mcnair/profil/spieler/167268,"410,000"
/nicolai-muller/profil/spieler/39426,"5,740,000"
/ignacio-piatti/profil/spieler/37433,"848,000"
/gustavo-sauer/profil/spieler/336158,"986,000"
/ezequiel-videla/profil/spieler/125889,"562,000"
/alan-ruiz/profil/spieler/190442,"32,500,000"
/facundo-medina/profil/spieler/474800,"5,490,000"
/bernard-tekpetey/profil/spieler/422380,"259,000"
/angel-rangel/profil/spieler/66550,"11,400,000"
/clemente/profil/spieler/59372,"80,800,000"
/maximilian-mittelstadt/profil/spieler/282660,"162,000"
/ze-manuel/profil/spieler/113025,"26,000,000"
/iago-aspas/profil/spieler/72047,"2,550,000"
/antonino-barilla/profil/spieler/39828,"258,000"
/issam-chebake/profil/spieler/332049,"78,600"
/dean-gerken/profil/spieler/42055,"352,000"
/joaquin-laso/profil/spieler/360797,"859,000"
/aleksandr-anyukov/profil/spieler/17749,
/havard-nielsen/profil/spieler/136181,"324,000"
/osman-kakay/profil/spieler/419576,"35,400"
/sebastian-ernst/profil/spieler/108198,"30,700,000"
/erick-gutierrez/profil/spieler/298796,"7,080,000"
/idrissa-doumbia/profil/spieler/430579,"395,000"
/dani-romera/profil/spieler/271451,"427,000"
/leandro-paiva/profil/spieler/269524,"9,160,000"
/leon-bailey/profil/spieler/387626,"39,600,000"
/german-herrera/profil/spieler/32710,"11,000,000"
/thomas-delaney/profil/spieler/91849,"27,200,000"
/tristan-nydam/profil/spieler/483545,"69,700"
/pavel-kaloshin/profil/spieler/605627,"48,000"
/kurt-zouma/profil/spieler/157509,"971,000"
/yussuf-poulsen/profil/spieler/157635,"879,000"
/lukas-hinterseer/profil/spieler/59054,"322,000"
/sone-aluko/profil/spieler/42198,"149,000"
/alexander-buttner/profil/spieler/38003,"1,630,000"
/alexandru-epureanu/profil/spieler/45340,"213,000"
/nahuel-arena/profil/spieler/552629,"1,230,000"
/xisco-campos/profil/spieler/70946,"397,000"
/luis-robles/profil/spieler/47289,"40,800,000"
/erik-zenga/profil/spieler/85961,"146,000"
/martin-cranie/profil/spieler/27659,"96,800"
/dries-saddiki/profil/spieler/370042,"10,900,000"
/aymeric-laporte/profil/spieler/176553,"2,390,000"
/takashi-inui/profil/spieler/98249,"844,000"
/richie-laryea/profil/spieler/417348,"84,900"
/zanka/profil/spieler/52059,"2,070,000"
/craig-noone/profil/spieler/81202,"1,150,000"
/dani-ceballos/profil/spieler/319745,"4,020,000"
/alexandre-mendy/profil/spieler/290561,"1,180,000"
/douglas-luiz/profil/spieler/447661,"23,700,000"
/borja-baston/profil/spieler/85324,"340,000"
/marvin-ducksch/profil/spieler/125103,"180,000"
/brent-kallman/profil/spieler/226643,"156,000"
/marcelo-brozovic/profil/spieler/156617,"956,000"
/casimir-ninga/profil/spieler/392810,"139,000"
/kevin-gameiro/profil/spieler/27389,"1,670,000"
/stijn-schaars/profil/spieler/4698,"204,000"
/rodrigo-salinas/profil/spieler/125750,"12,600,000"
/alejo-montero/profil/spieler/649998,"6,500,000"
/agustin-fontana/profil/spieler/345229,"3,930,000"
/paul-baysse/profil/spieler/43256,"207,000"
/oscar-cabezas/profil/spieler/514299,"9,430,000"
/mo-el-hankouri/profil/spieler/384587,"52,400"
/andrew-hjulsager/profil/spieler/167798,"112,000"
/nuno-andre-coelho/profil/spieler/40858,"6,180,000"
/jay-chapman/profil/spieler/189032,"30,700,000"
/fousseni-diabate/profil/spieler/364861,"245,000"
/gustavo-hamer/profil/spieler/322985,"545,000"
/tim-rieder/profil/spieler/111277,"898,000"
/samir-handanovic/profil/spieler/28021,"736,000"
/juan-forlin/profil/spieler/53332,"198,000"
/lyanco/profil/spieler/379807,"274,000"
/sebastien-de-maio/profil/spieler/56830,"401,000"
/joe-bennett/profil/spieler/90964,"86,800,000"
/alisson/profil/spieler/105470,"19,600,000"
/fernandinho/profil/spieler/26267,"8,660,000"
/emanuel-iniguez/profil/spieler/542138,"275,000"
/giovanni-zarfino/profil/spieler/208022,"37,200"
/jorge-fellipe/profil/spieler/132060,"3,750,000"
/fedor-chalov/profil/spieler/287183,"158,000"
/wallace/profil/spieler/225335,"267,000,000"
/mauricio-rosales/profil/spieler/251619,"17,400,000"
/tom-edwards/profil/spieler/430788,"172,000,000"
/andreas-cornelius/profil/spieler/203412,"8,810,000"
/zaydou-youssouf/profil/spieler/471582,"55,500"
/nathaniel-mendez-laing/profil/spieler/125409,"234,000"
/charlie-lakin/profil/spieler/564048,"919,000"
/nahuel-estevez/profil/spieler/552472,"290,000"
/ruben-aguilar/profil/spieler/203746,"12,900,000"
/federico-valverde/profil/spieler/369081,"8,230,000"
/esteban-andrada/profil/spieler/105888,"1,860,000"
/dong-won-ji/profil/spieler/164265,"20,700,000"
/stephane-sparagna/profil/spieler/289216,"28,500"
/serginho/profil/spieler/40555,"5,150,000"
/jan-philipp-kalla/profil/spieler/30985,"377,000"
/yoel-barcenas/profil/spieler/283473,"166,000"
/roger-espinoza/profil/spieler/71096,"8,170,000"
/senou-coulibaly/profil/spieler/596240,"121,000"
/nacho-monreal/profil/spieler/43003,"2,140,000"
/alessandro-bastoni/profil/spieler/315853,"469,000"
/aleksandr-kokorin/profil/spieler/89086,"505,000"
/jeremy-grimm/profil/spieler/56294,"9,380,000"
/anthony-forde/profil/spieler/146494,"2,640,000"
/darko-lazovic/profil/spieler/70411,"1,090,000"
/vasilije-janjicic/profil/spieler/265254,"90,700"
/goncalo-cardoso/profil/spieler/587106,"9,660,000"
/daniel-bessa/profil/spieler/140757,"6,880,000"
/yoell-van-nieff/profil/spieler/187301,"38,900"
/luis-alberto/profil/spieler/128220,"230,000,000"
/ayaz-guliev/profil/spieler/260672,"59,900"
/aleksandr-martynovich/profil/spieler/59352,"85,100"
/neto/profil/spieler/291968,"200,000,000"
/dax-mccarty/profil/spieler/39479,"310,000"
/luther-singh/profil/spieler/387378,"7,510,000"
/zeki-erkilinc/profil/spieler/387218,"35,000"
/emmanuel-adebayor/profil/spieler/8883,"2,550,000"
/amin-younes/profil/spieler/96167,"2,360,000"
/pasquale-schiattarella/profil/spieler/56762,"147,000"
/emiliano-insua/profil/spieler/45599,"185,000"
/daniel-baier/profil/spieler/4018,"4,310,000"
/fabri/profil/spieler/45882,"18,900,000"
/jordy-de-wijs/profil/spieler/215096,"159,000"
/hal-robson-kanu/profil/spieler/65976,"370,000"
/thomas-fontaine/profil/spieler/80036,"29,300,000"
/joe-allen/profil/spieler/51452,"192,000,000"
/sam-johnson/profil/spieler/252062,"377,000,000"
/pirmin-schwegler/profil/spieler/14533,"205,000"
/jony/profil/spieler/228761,"16,100,000"
/wendel/profil/spieler/499721,"20,200,000"
/claudemir/profil/spieler/68275,"3,010,000"
/javi-galan/profil/spieler/448628,"1,290,000"
/niklas-lomb/profil/spieler/85543,"158,000"
/junior-sambia/profil/spieler/335147,"714,000"
/andrew-taylor/profil/spieler/29158,"440,000,000"
/fede-san-emeterio/profil/spieler/307519,"103,000"
/dani-calvo/profil/spieler/326416,"6,090,000"
/kevin-wimmer/profil/spieler/122675,"2,700,000"
/juan-sanchez-mino/profil/spieler/169249,"3,080,000"
/gael-kakuta/profil/spieler/74297,"141,000"
/facundo-almada/profil/spieler/639390,"572,000"
/david-mcgoldrick/profil/spieler/35416,"1,750,000"
/dario-van-den-buijs/profil/spieler/235274,"85,200"
/mats-kohlert/profil/spieler/288067,"126,000"
/antonio-barreca/profil/spieler/241889,"477,000"
/andoni-gorosabel/profil/spieler/289255,"74,400"
/jules-keita/profil/spieler/402117,"1,320,000"
/matthew-pennington/profil/spieler/220755,"7,900,000"
/emmanuel-ledesma/profil/spieler/62247,"2,980,000"
/immanuel-hohn/profil/spieler/77920,"141,000"
/federico-peluso/profil/spieler/21763,"1,200,000"
/sergio-pellissier/profil/spieler/5928,"409,000"
/christian-walton/profil/spieler/208379,"35,600,000"
/batuhan-artarslan/profil/spieler/237481,"70,700"
/ivan-novoseltsev/profil/spieler/231873,"81,100"
/callum-paterson/profil/spieler/169555,"802,000"
/kieran-trippier/profil/spieler/95810,"2,210,000"
/ridgeciano-haps/profil/spieler/228444,"99,400"
/mark-duffy/profil/spieler/105565,"35,100,000"
/iago-falque/profil/spieler/59340,"481,000"
/dimitri-foulquier/profil/spieler/170472,"153,000"
/rafael/profil/spieler/61892,"696,000,000"
/andrea-seculin/profil/spieler/85380,"99,900"
/mark-anthony-kaye/profil/spieler/343553,"13,500,000"
/tim-kister/profil/spieler/54767,"273,000"
/ugur-demirok/profil/spieler/44977,"104,000"
/matias-pellegrini/profil/spieler/606267,"1,830,000"
/vedad-ibisevic/profil/spieler/21175,"547,000"
/jordan-marie/profil/spieler/231025,"217,000,000"
/eduardo-henrique/profil/spieler/216118,"43,900,000"
/tim-parker/profil/spieler/354737,"101,000,000"
/yuri-zhirkov/profil/spieler/16760,"248,000"
/achraf-hakimi/profil/spieler/398073,"1,630,000"
/bouna-sarr/profil/spieler/190685,"668,000"
/ruben-vezo/profil/spieler/257851,"92,400"
/naim-sliti/profil/spieler/184491,"192,000"
/artem-dzyuba/profil/spieler/48067,"554,000"
/angel-gonzalez/profil/spieler/347920,"67,500,000"
/mauro-junior/profil/spieler/323910,"11,300,000"
/bartosz-bialkowski/profil/spieler/24496,"108,000"
/jose-antonio-reyes/profil/spieler/7717,"58,500,000"
/abdelhamid-sabiri/profil/spieler/340394,"85,900"
/dean-henderson/profil/spieler/258919,
/maikel-kieftenbeld/profil/spieler/82332,"107,000"
/stewart-downing/profil/spieler/4063,"8,820,000"
/ivan-novoseltsev/profil/spieler/231873,"81,100"
/rasmus-thelander/profil/spieler/129092,"118,000"
/baptiste-reynet/profil/spieler/190786,"186,000"
/juan-muniz/profil/spieler/85357,"19,300,000"
/joel-lynch/profil/spieler/33070,"28,900,000"
/jeremy-sorbon/profil/spieler/56820,"132,000"
/leandro-chichizola/profil/spieler/95736,"137,000"
/luca-zander/profil/spieler/139278,"500,000"
/zhi-yang/profil/spieler/63522,"383,000,000"
/arne-feick/profil/spieler/38609,"142,000"
/nelson-monte/profil/spieler/332615,"403,000"
/aly-cissokho/profil/spieler/57515,"2,290,000"
/dennis-praet/profil/spieler/129588,"444,000"
/youssouf-sabaly/profil/spieler/135492,"281,000"
/taha-yalciner/profil/spieler/51938,"246,000"
/dmitri-poloz/profil/spieler/98539,
/barrie-mckay/profil/spieler/208934,"1,160,000"
/mickael-alphonse/profil/spieler/172153,"521,000"
/abdoulaye-diallo/profil/spieler/415271,"5,130,000"
/adama-diomande/profil/spieler/93145,"283,000"
/dan-crowley/profil/spieler/223225,"17,700,000"
/adrian-semper/profil/spieler/317057,"1,160,000"
/leander-dendoncker/profil/spieler/168157,"361,000"
/florent-muslija/profil/spieler/337036,"206,000"
/cristian-romero/profil/spieler/355915,"21,000,000"
/sammy-ameobi/profil/spieler/92381,"173,000"
/joshua-king/profil/spieler/91059,"153,000,000"
/marcio-mossoro/profil/spieler/45596,"640,000"
/ronaldo-vieira/profil/spieler/434676,"23,100,000"
/carlos-fernandez/profil/spieler/216464,"139,000,000"
/patrick-twumasi/profil/spieler/188651,"300,000"
/gia-grigalava/profil/spieler/52089,"45,800"
/ryan-shawcross/profil/spieler/45861,"638,000"
/mossa/profil/spieler/96094,"19,800,000"
/paxton-pomykal/profil/spieler/455978,"48,700"
/granit-xhaka/profil/spieler/111455,"3,890,000"
/goncalo-guedes/profil/spieler/225122,"7,700,000"
/agustin-verdugo/profil/spieler/528270,"5,170,000"
/thiago-silva/profil/spieler/29241,"41,700,000"
/seth-sinovic/profil/spieler/144959,"71,500"
/henry-wingo/profil/spieler/378478,"818,000"
/alberto-benito/profil/spieler/263748,"27,200,000"
/kei-kamara/profil/spieler/39049,"427,000"
/egor-sorokin/profil/spieler/288721,"154,000"
/sam-mcqueen/profil/spieler/226968,"48,900,000"
/stefan-mitrovic/profil/spieler/143029,"1,270,000"
/evan-bush/profil/spieler/148916,"22,100,000"
/paulinho/profil/spieler/211072,
/nicolas-de-la-cruz/profil/spieler/397458,"89,000,000"
/jordan-hamilton/profil/spieler/294707,"112,000,000"
/tyrell-malacia/profil/spieler/339340,"79,500"
/denis-terentjev/profil/spieler/144583,"49,800"
/kevin-bonifazi/profil/spieler/247377,"220,000"
/frederik-ronnow/profil/spieler/107775,"208,000"
/russell-teibert/profil/spieler/103627,"76,100"
/fernando-barrientos/profil/spieler/154292,"8,810,000"
/santiago-patino/profil/spieler/644780,"13,300,000"
/franco-di-santo/profil/spieler/59783,"27,800,000"
/lucas-torro/profil/spieler/213670,"149,000"
/steven-bergwijn/profil/spieler/284165,"516,000"
/jires-kembo-ekoko/profil/spieler/40446,"24,700"
/vanja-vucicevic/profil/spieler/423612,"46,900"
/lucas-chaves/profil/spieler/360791,"25,500,000"
/alan-schons/profil/spieler/378866,"315,000"
/ricardo-esgaio/profil/spieler/139395,"166,000"
/martin-dubravka/profil/spieler/74960,"1,780,000"
/vincent-kompany/profil/spieler/9594,"13,100,000"
/abdullahi-shehu/profil/spieler/262687,"1,250,000"
/konstantinos-mavropanos/profil/spieler/415912,"200,000"
/chico-geraldes/profil/spieler/257456,"2,180,000"
/todd-kane/profil/spieler/154287,"21,200,000"
/fedor-kudryashov/profil/spieler/48634,"154,000"
/mert-hakan-yandas/profil/spieler/306462,"745,000"
/jose-izquierdo/profil/spieler/147094,"30,500,000"
/memphis-depay/profil/spieler/167850,
/ander-iturraspe/profil/spieler/71571,"232,000"
/dennis-hadzikadunic/profil/spieler/322065,"43,700"
/christian-atsu/profil/spieler/186997,"2,120,000"
/kevin-mirallas/profil/spieler/33639,"680,000"
/angelo-fulgini/profil/spieler/250013,"118,000"
/adam-marusic/profil/spieler/239802,"262,000"
/rodrigo-becao/profil/spieler/410158,"75,000"
/patrik-sigurdur-gunnarsson/profil/spieler/429563,"850,000"
/mattias-bjarsmyr/profil/spieler/30386,"92,400"
/stefan-radu/profil/spieler/44420,"11,700,000"
/evgeni-kharin/profil/spieler/193464,"22,700"
/edwar-lopez/profil/spieler/572077,"67,900,000"
/edu-campabadal/profil/spieler/126722,"634,000"
/konstantin-pliev/profil/spieler/394400,"86,600"
/richard-smallwood/profil/spieler/158713,"4,280,000"
/jordy-clasie/profil/spieler/104223,"332,000"
/adama-traore/profil/spieler/204103,"4,350,000"
/serge-aurier/profil/spieler/127032,"2,170,000"
/hector-bellerin/profil/spieler/191217,"613,000"
/andres-lioi/profil/spieler/563336,"165,000"
/jan-arie-van-der-heijden/profil/spieler/45538,"327,000"
/mahmut-tekdemir/profil/spieler/54177,"240,000"
/almamy-toure/profil/spieler/216181,"232,000"
/jack-lankester/profil/spieler/602544,"198,000"
/bressan/profil/spieler/256453,"5,210,000"
/brandt-bronico/profil/spieler/271183,"44,000"
/andres-renteria/profil/spieler/233007,"2,700,000"
/erik-durm/profil/spieler/93922,"473,000"
/maciej-rybus/profil/spieler/59597,"340,000"
/kevin-stewart/profil/spieler/200782,"123,000,000"
/olamide-shodipo/profil/spieler/401268,"33,000"
/daniel-steininger/profil/spieler/195720,"923,000"
/georgi-schennikov/profil/spieler/70097,"80,600"
/ben-wiles/profil/spieler/542471,"3,230,000"
/bruno-fernandes/profil/spieler/240306,"47,200,000"
/kelyn-rowe/profil/spieler/183118,"118,000"
/luca-siligardi/profil/spieler/86079,"140,000"
/alexander-rossipal/profil/spieler/296188,"24,700"
/jubal/profil/spieler/149928,"2,530,000"
/vukasin-jovanovic/profil/spieler/264140,"252,000"
/david-atanga/profil/spieler/254284,"410,000"
/davinson-sanchez/profil/spieler/341429,"1,410,000"
/daan-klomp/profil/spieler/400671,"201,000"
/rodrigo-arciero/profil/spieler/322649,"58,000"
/mauricio-pereyra/profil/spieler/102452,"4,420,000"
/johannes-flum/profil/spieler/38415,"179,000"
/josh-tymon/profil/spieler/419929,"199,000"
/ali-adnan/profil/spieler/261611,"51,000,000"
/kwadwo-asamoah/profil/spieler/63531,"3,310,000"
/lukas-frode/profil/spieler/153628,"78,600"
/matthias-verreth/profil/spieler/292817,"56,300"
/tom-barlow/profil/spieler/509916,"14,000,000"
/mauricio-toni/profil/spieler/540299,"10,300,000"
/waldemar-sobota/profil/spieler/110852,"1,200,000"
/ilya-abaev/profil/spieler/15569,"39,000"
/adam-armstrong/profil/spieler/250426,"55,100,000"
/michael-frey/profil/spieler/147043,"38,700,000"
/enzo-loiodice/profil/spieler/581781,"67,300"
/gael-clichy/profil/spieler/7449,"338,000"
/jackson-irvine/profil/spieler/192557,"31,800,000"
/joao-lopes/profil/spieler/547553,"58,800,000"
/bram-nuytinck/profil/spieler/104597,"174,000"
/tin-jedvaj/profil/spieler/206386,"316,000"
/claudio-spinelli/profil/spieler/504882,"3,440,000"
/carraca/profil/spieler/291941,"136,000"
/kikas/profil/spieler/383807,"1,610,000"
/atakan-akkaynak/profil/spieler/327542,"70,800"
/luca-zidane/profil/spieler/283489,"4,340,000"
/dario-melnjak/profil/spieler/238500,"152,000"
/james-mcclean/profil/spieler/85935,"3,280,000"
/joaquin-correa/profil/spieler/227081,"8,860,000"
/ruben-rochina/profil/spieler/67548,"215,000"
/benjamin-pavard/profil/spieler/353366,"2,000,000"
/thomas-bruns/profil/spieler/172202,"9,840,000"
/chadrac-akolo/profil/spieler/247459,"137,000"
/chris-mepham/profil/spieler/480987,"350,000"
/papy-djilobodji/profil/spieler/136610,"275,000"
/michael-de-leeuw/profil/spieler/110906,"7,320,000"
/gonzalo-asis/profil/spieler/549958,"4,350,000"
/borja-valle/profil/spieler/176067,"12,000,000"
/felix-platte/profil/spieler/195782,"2,920,000"
/pol-llonch/profil/spieler/205276,"124,000"
/callum-elder/profil/spieler/271997,"1,170,000"
/abel-hernandez/profil/spieler/76608,"11,000,000"
/joao-novais/profil/spieler/228940,"8,020,000"
/charles/profil/spieler/16335,"2,050,000,000"
/jozabed-sanchez/profil/spieler/207924,"91,400"
/marcelo/profil/spieler/190185,"332,000,000"
/lionel-carole/profil/spieler/11530,"7,310,000"
/fabio-pacheco/profil/spieler/111200,"13,800,000"
/sebastian-rode/profil/spieler/44466,"8,640,000"
/fredy-montero/profil/spieler/73852,"3,210,000"
/francesco-magnanelli/profil/spieler/7093,"258,000"
/pablo-fornals/profil/spieler/357885,"437,000"
/miiko-albornoz/profil/spieler/75852,"353,000"
/tim-van-de-berg/profil/spieler/447827,"21,100,000"
/maximilian-bauer/profil/spieler/388363,"6,000,000"
/ryan-williams/profil/spieler/192239,"329,000,000"
/caner-cavlan/profil/spieler/136550,"66,100"
/gonzalo-maroni/profil/spieler/441385,"232,000"
/zeki-yavru/profil/spieler/98131,"707,000"
/johannes-van-den-bergh/profil/spieler/31218,"1,400,000"
/nicolas-linares/profil/spieler/534616,"10,500,000"
/roberto-piccoli/profil/spieler/432092,"24,700,000"
/jimmy-briand/profil/spieler/18909,"2,520,000"
/sory-kaba/profil/spieler/355689,"719,000"
/justen-glad/profil/spieler/334597,"133,000"
/semi-ajayi/profil/spieler/251912,"494,000"
/kike-marquez/profil/spieler/101733,"1,820,000"
/james-chester/profil/spieler/73482,"88,100,000"
/ben-alnwick/profil/spieler/27036,"783,000"
/hassane-kamara/profil/spieler/290017,"137,000"
/joe-mattock/profil/spieler/49611,"371,000"
/emil-krafth/profil/spieler/184528,"217,000"
/cyrus-christie/profil/spieler/158623,"22,800,000"
/carlos-pita/profil/spieler/34566,"10,700,000"
/nicolas-schiappacasse/profil/spieler/345473,"200,000"
/tolgay-arslan/profil/spieler/53536,"1,460,000"
/tobias-reithmeir/profil/spieler/420298,"135,000"
/sean-klaiber/profil/spieler/268113,"155,000"
/jannik-pohl/profil/spieler/288432,"293,000"
/gaston-campi/profil/spieler/292174,"1,170,000"
/jasmin-kurtic/profil/spieler/85825,"217,000"
/matheus-reis/profil/spieler/379249,"14,400,000"
/federico-mattiello/profil/spieler/200194,"392,000"
/miles-robinson/profil/spieler/468022,"95,000,000"
/jose-luis-palomino/profil/spieler/125020,"6,790,000"
/nathaniel-clyne/profil/spieler/85177,"799,000"
/francesco-acerbi/profil/spieler/131075,"1,150,000"
/tim-chow/profil/spieler/196693,"18,100,000"
/cole-skuse/profil/spieler/48094,"200,000"
/daniel-lasure/profil/spieler/336736,"185,000"
/sergi-palencia/profil/spieler/268176,"369,000"
/kevin-vazquez/profil/spieler/221315,"20,600,000"
/raphael-framberger/profil/spieler/146163,"55,600"
/anton-belov/profil/spieler/425746,"505,000"
/nelson-semedo/profil/spieler/231572,"458,000"
/andre-zambo-anguissa/profil/spieler/354361,"89,600"
/marc-aurele-caillard/profil/spieler/205465,"65,800"
/arturo-vidal/profil/spieler/37666,"29,900,000"
/luciano-abecasis/profil/spieler/149435,"135,000"
/alexis-maldonado/profil/spieler/444100,"11,000,000"
/filip-kusic/profil/spieler/217285,"48,300"
/laurent-depoitre/profil/spieler/90583,"355,000"
/michel-vorm/profil/spieler/26276,"4,920,000"
/theodor-gebre-selassie/profil/spieler/60632,"279,000"
/vladimir-poluyakhtov/profil/spieler/58429,"28,600"
/oussama-tannane/profil/spieler/235540,"133,000"
/dusan-vlahovic/profil/spieler/357498,"147,000"
/diego-lainez/profil/spieler/371174,"4,440,000"
/thomas-amilivia/profil/spieler/639767,"39,000"
/stefan-posch/profil/spieler/223974,"874,000"
/agustin-allione/profil/spieler/189411,"73,600"
/romain-metanire/profil/spieler/154209,"71,300"
/nahitan-nandez/profil/spieler/315063,"645,000"
/jake-livermore/profil/spieler/61832,"1,040,000"
/paolo-goltz/profil/spieler/55183,"392,000"
/aleksandar-katai/profil/spieler/139915,"192,000"
/oumar-niasse/profil/spieler/209781,"1,120,000"
/aymen-barkok/profil/spieler/315332,"116,000"
/filip-djuricic/profil/spieler/94307,"234,000"
/klaus-gjasula/profil/spieler/57598,"89,100"
/benjamin-mendy/profil/spieler/157495,"5,170,000"
/luciano-slagveer/profil/spieler/187298,"81,600"
/marc-muniesa/profil/spieler/74228,"379,000"
/lechii-sadulaev/profil/spieler/623553,"27,500"
/kenedy/profil/spieler/281404,"6,850,000"
/melvyn-lorenzen/profil/spieler/143121,"79,100"
/manu-garcia/profil/spieler/76273,"12,600,000"
/leon-musaev/profil/spieler/375668,"60,300"
/denis-glushakov/profil/spieler/55336,"215,000"
/tiago-mesquita/profil/spieler/130622,"8,460,000"
/murat-yildirim/profil/spieler/35530,"6,840,000"
/jose-valencia/profil/spieler/119183,"17,200,000"
/filippo-costa/profil/spieler/197743,"2,260,000"
/marcel-schmelzer/profil/spieler/35208,"1,030,000"
/jean-kevin-augustin/profil/spieler/264956,"516,000"
/cheikh-mbengue/profil/spieler/56795,"176,000"
/jonathan-sandoval/profil/spieler/74268,"14,200,000"
/luciano-vietto/profil/spieler/214316,"560,000"
/ivan-radovanovic/profil/spieler/46105,"701,000"
/nicklas-pedersen/profil/spieler/44588,"1,090,000"
/alfie-mawson/profil/spieler/287431,"241,000"
/enzo-kalinski/profil/spieler/67818,"160,000"
/reece-burke/profil/spieler/264220,"4,300,000"
/yuri-nesterenko/profil/spieler/147072,"158,000"
/daniel-bentley/profil/spieler/136401,"61,500,000"
/manuel-fernandes/profil/spieler/16791,"31,600,000"
/federico-marchetti/profil/spieler/22318,"4,880,000"
/willian-jose/profil/spieler/122155,"12,400,000"
/elias-gomez/profil/spieler/302139,"46,200,000"
/manu-barreiro/profil/spieler/72484,"641,000"
/oliver-norwood/profil/spieler/73547,"7,410,000"
/eric-alexander/profil/spieler/146031,"272,000,000"
/mevlut-erdinc/profil/spieler/38360,"114,000"
/takashi-usami/profil/spieler/111881,"497,000"
/lucas-woudenberg/profil/spieler/221766,"350,000"
/jonas-knudsen/profil/spieler/144904,"3,830,000"
/caleb-stanko/profil/spieler/190269,"182,000"
/ponck/profil/spieler/341516,"46,400"
/dairon-asprilla/profil/spieler/260381,"76,000"
/lucas-moura/profil/spieler/77100,"99,100,000"
/andrew-surman/profil/spieler/29975,"521,000"
/robin-koch/profil/spieler/328784,"17,000,000"
/viktor-vasin/profil/spieler/60134,"161,000"
/lucas-melano/profil/spieler/220753,"304,000"
/grzegorz-krychowiak/profil/spieler/45184,"925,000"
/iago-herrerin/profil/spieler/71570,"240,000"
/mikhail-lysov/profil/spieler/289590,"45,200"
/ben-thompson/profil/spieler/337062,"177,000,000"
/joe-bryan/profil/spieler/194460,"116,000,000"
/brian-rowe/profil/spieler/213545,"22,500,000"
/matt-crooks/profil/spieler/169416,"4,660,000"
/omer-sismanoglu/profil/spieler/50774,"56,800"
/kirill-panchenko/profil/spieler/106675,"138,000"
/delano-van-crooij/profil/spieler/159143,"25,700"
/hilal-ben-moussa/profil/spieler/223405,"512,000"
/tyler-adams/profil/spieler/332705,"89,100,000"
/henk-veerman/profil/spieler/271743,"339,000"
/hakan-ozmert/profil/spieler/17465,"165,000"
/eric-remedi/profil/spieler/362364,"546,000"
/anibal-godoy/profil/spieler/161671,"5,390,000"
/alper-potuk/profil/spieler/99186,"737,000"
/christian-martinez/profil/spieler/419247,"19,900,000"
/mikhail-levashov/profil/spieler/148028,"65,100"
/washington-camacho/profil/spieler/76490,"12,700,000"
/yvon-mvogo/profil/spieler/147051,"140,000"
/rafael-crivellaro/profil/spieler/145692,"136,000"
/christopher-handke/profil/spieler/57704,"587,000"
/jamilu-collins/profil/spieler/254934,"106,000"
/florian-baak/profil/spieler/296345,"148,000"
/alex-tayo-akande/profil/spieler/209778,"332,000"
/aytac-kara/profil/spieler/159908,"2,870,000"
/ozer-hurmaci/profil/spieler/45004,"230,000"
/malcom/profil/spieler/323704,"18,200,000"
/brad-smith/profil/spieler/175745,"206,000,000"
/saad-abdul-salaam/profil/spieler/270532,"398,000"
/ibrahima-cisse/profil/spieler/160380,"2,410,000"
/gavin-massey/profil/spieler/148258,"4,370,000"
/konrad-laimer/profil/spieler/223967,"239,000"
/aleksey-gritsaenko/profil/spieler/379634,"58,600"
/artem-golubev/profil/spieler/375663,"160,000"
/jack-price/profil/spieler/129062,"1,270,000,000"
/michael-ihiekwe/profil/spieler/145923,"39,000"
/adrian-dalmau/profil/spieler/288228,"791,000"
/matias-vecino/profil/spieler/143812,"4,410,000"
/enis-bardhi/profil/spieler/245014,"321,000"
/chechu-dorado/profil/spieler/70898,"159,000"
/mikel-merino/profil/spieler/338424,"2,240,000"
/johannes-wurtz/profil/spieler/93926,"317,000"
/sebastian-villa/profil/spieler/493000,"69,300,000"
/michael-ratajczak/profil/spieler/1257,"593,000"
/mbilla-etame/profil/spieler/78798,"66,200"
/josh-vela/profil/spieler/173804,"5,290,000"
/vladislav-ignatjev/profil/spieler/51897,"64,800"
/makhete-diop/profil/spieler/124757,"51,900"
/leandro-sapetti/profil/spieler/149486,"111,000"
/ferhat-oztorun/profil/spieler/37839,"320,000"
/santi-mina/profil/spieler/255653,"7,450,000"
/calvin-verdonk/profil/spieler/258364,"94,700"
/hassani-dotson/profil/spieler/636081,"28,200"
/mike-te-wierik/profil/spieler/155806,"103,000"
/victor-cabrera/profil/spieler/353463,"10,500,000"
/matteo-scozzarella/profil/spieler/85208,"103,000"
/ryan-bennett/profil/spieler/67252,"72,100,000"
/mads-bech-sorensen/profil/spieler/372240,"467,000"
/oliver-baumann/profil/spieler/55089,"10,600,000"
/ogenyi-onazi/profil/spieler/131709,"367,000"
/baptiste-santamaria/profil/spieler/285323,"2,790,000"
/fede-vico/profil/spieler/162079,"1,520,000"
/joao-camacho/profil/spieler/268732,"7,550,000"
/arkadiusz-milik/profil/spieler/191891,"1,750,000"
/joao-palhinha/profil/spieler/257455,"388,000"
/karl-toko-ekambi/profil/spieler/315110,"638,000"
/bilal-kisa/profil/spieler/7444,"692,000"
/rudy-gestede/profil/spieler/39908,"181,000"
/lucas-olaza/profil/spieler/216240,"294,000"
/vitor-bruno/profil/spieler/130635,"20,000,000"
/otavio/profil/spieler/312314,"11,100,000"
/cristian-borja/profil/spieler/356099,"7,000,000"
/ollie-watkins/profil/spieler/324358,"1,520,000"
/leandro-paredes/profil/spieler/166237,"11,800,000"
/duvan-vergara/profil/spieler/413658,"190,000"
/dmitri-kombarov/profil/spieler/38782,"116,000"
/fernando-monetti/profil/spieler/69815,"368,000"
/carlos-pomares/profil/spieler/238872,"2,700,000"
/bastos/profil/spieler/195810,"57,900,000"
/daniel-carvajal/profil/spieler/138927,"14,800,000"
/abduhamit-abdugheni/profil/spieler/449191,"38,600"
/ceyhun-gulselam/profil/spieler/37216,"177,000"
/lorenzo-de-silvestri/profil/spieler/33571,"6,620,000"
/kevin-muller/profil/spieler/43824,"43,700,000"
/facundo-roncaglia/profil/spieler/61546,"440,000"
/dominic-calvert-lewin/profil/spieler/306024,"511,000"
/remi-matthews/profil/spieler/196722,"1,340,000"
/nayef-aguerd/profil/spieler/361914,"36,800"
/billy-jones/profil/spieler/36866,"165,000,000"
/wilfried-kanga/profil/spieler/395523,"238,000"
/filipe-melo/profil/spieler/134580,
/mike-maignan/profil/spieler/182906,"377,000"
/nicky-beloko/profil/spieler/382774,"8,370"
/riccardo-meggiorini/profil/spieler/28936,"159,000"
/karim-benzema/profil/spieler/18922,"19,300,000"
/emmanuel-mas/profil/spieler/77153,"70,400,000"
/damian-szymanski/profil/spieler/259881,"532,000"
/diego-mercado/profil/spieler/556049,"150,000,000"
/bernardo/profil/spieler/364258,"240,000,000"
/emanuel-taffertshofer/profil/spieler/196785,"137,000"
/mathias-jensen/profil/spieler/319859,"8,260,000"
/edin-visca/profil/spieler/109217,"892,000"
/ramon-azeez/profil/spieler/131667,"264,000"
/cris/profil/spieler/24946,"234,000,000"
/luke-steele/profil/spieler/3539,"17,500,000"
/niklas-moisander/profil/spieler/5017,"313,000"
/abdoulay-diaby/profil/spieler/148396,"210,000"
/dmitri-stotskiy/profil/spieler/124700,"61,300"
/mats-hummels/profil/spieler/39728,"5,750,000"
/wesley-hoolahan/profil/spieler/24589,"177,000"
/michael-breij/profil/spieler/258511,"222,000"
/matias-romero/profil/spieler/605721,"10,200,000"
/mike-havekotte/profil/spieler/206743,"51,000"
/abdon-prats/profil/spieler/177452,"1,660,000"
/nejc-skubic/profil/spieler/91434,"219,000"
/jordan-harvey/profil/spieler/39354,"62,000,000"
/thomas-monconduit/profil/spieler/127182,"227,000"
/nordi-mukiele/profil/spieler/348026,"134,000"
/jeremiah-gutjahr/profil/spieler/402838,"56,300"
/pol-lirola/profil/spieler/298975,"239,000"
/bekim-balaj/profil/spieler/99137,"380,000"
/diego-demme/profil/spieler/82070,"643,000"
/edgar-prib/profil/spieler/60028,"128,000"
/toni-kroos/profil/spieler/31909,"9,410,000"
/wilfrid-kaptoum/profil/spieler/256120,"125,000"
/alhassane-keita/profil/spieler/197734,"237,000"
/sokratis/profil/spieler/34322,"3,360,000"
/radosav-petrovic/profil/spieler/75296,"171,000"
/kevin-mac-allister/profil/spieler/428920,"1,010,000"
/tim-skarke/profil/spieler/287920,"89,200"
/fernando-godoy/profil/spieler/130452,"19,700,000"
/ismail-koybasi/profil/spieler/74641,"76,400"
/ola-kamara/profil/spieler/62067,"88,300"
/george-byers/profil/spieler/240083,"7,940,000"
/roland-sallai/profil/spieler/332798,"311,000"
/tyrone-mears/profil/spieler/14050,"363,000"
/victor-laguardia/profil/spieler/67080,"1,820,000"
/alexander-gonzalez/profil/spieler/147562,"110,000,000"
/serkan-kirintili/profil/spieler/16058,"71,300"
/emiliano-moretti/profil/spieler/5755,"1,980,000"
/chung-yong-lee/profil/spieler/81801,"16,100,000"
/daniel-butterworth/profil/spieler/478637,"6,570,000"
/shamit-shome/profil/spieler/423445,"28,500"
/michael-barrios/profil/spieler/313286,"14,500,000"
/jimmy-durmaz/profil/spieler/80205,"665,000"
/vedat-muriqi/profil/spieler/256267,"855,000"
/santiago-mosquera/profil/spieler/490621,"7,130,000"
/raheem-sterling/profil/spieler/134425,"14,900,000"
/bjorn-engels/profil/spieler/193469,"737,000"
/vyacheslav-podberezkin/profil/spieler/207528,"35,300"
/senad-lulic/profil/spieler/61449,"377,000"
/jimmy-maurer/profil/spieler/183337,"6,000,000"
/jalil-elias/profil/spieler/376859,"1,480,000"
/joaquin-varela/profil/spieler/553421,"12,000,000"
/nicolo-zaniolo/profil/spieler/392085,"863,000"
/marcelo-mino/profil/spieler/508135,"5,730,000"
/roy-beerens/profil/spieler/25427,"380,000"
/giannelli-imbula/profil/spieler/130756,"501,000"
/danil-stepanov/profil/spieler/456182,"133,000"
/marcelo-saracchi/profil/spieler/373916,"196,000"
/ryo-miyaichi/profil/spieler/129688,"200,000"
/patrik-schick/profil/spieler/242086,"899,000"
/pierluigi-gollini/profil/spieler/244192,"182,000"
/federico-fazio/profil/spieler/45314,"6,250,000"
/jay-roy-grot/profil/spieler/360517,"195,000"
/matias-kranevitter/profil/spieler/240900,"306,000"
/andres-ponce/profil/spieler/308256,"15,800,000"
/denis-odoi/profil/spieler/59641,"406,000"
/manuel-lazzari/profil/spieler/331401,"1,340,000"
/darren-potter/profil/spieler/22231,"17,000,000"
/rurik-gislason/profil/spieler/15961,"168,000"
/james-igbekeme/profil/spieler/375849,"158,000"
/erik-lamela/profil/spieler/111630,"1,710,000"
/pascal-testroet/profil/spieler/53521,"106,000"
/lorenzo-melgarejo/profil/spieler/127822,"2,870,000"
/gaston-pereiro/profil/spieler/264116,"278,000"
/florian-carstens/profil/spieler/334543,"254,000"
/roman-martinez/profil/spieler/53134,"15,800,000"
/alex-lopez/profil/spieler/166674,"6,290,000"
/tomas-cardona/profil/spieler/422700,"8,640,000"
/georgi-melkadze/profil/spieler/281552,"95,200"
/hector-verdes/profil/spieler/57954,"48,200,000"
/vicente-gomez/profil/spieler/153236,"64,600,000"
/marcin-kaminski/profil/spieler/129358,"669,000"
/boulaye-dia/profil/spieler/626913,"91,600"
/moussa-diaby/profil/spieler/395516,"1,200,000"
/javier-mascherano/profil/spieler/19981,"7,130,000"
/keinan-davis/profil/spieler/412660,"232,000"
/joe-newell/profil/spieler/185342,"11,600,000"
/saman-ghoddos/profil/spieler/204294,"355,000"
/anthony-jackson-hamel/profil/spieler/333093,"1,690,000"
/mert-gunok/profil/spieler/51894,"58,600"
/diego-capel/profil/spieler/27471,"1,700,000"
/elias-pereyra/profil/spieler/576027,"4,670,000"
/andrea-petagna/profil/spieler/199258,"644,000"
/agustin-heredia/profil/spieler/570420,"7,820,000"
/david-texeira/profil/spieler/143182,"1,760,000"
/karim-rekik/profil/spieler/182579,"451,000"
