player,days_missed,games_missed
/max-clark/profil/spieler/183291,0,0
/sergio-postigo/profil/spieler/158791,89,13
/stanislav-iljutcenko/profil/spieler/191292,3,0
/ivan-marcone/profil/spieler/90451,0,0
/florent-mollet/profil/spieler/222859,0,0
/juanpe/profil/spieler/115333,180,22
/alban-lafont/profil/spieler/357117,16,2
/bruno-viana/profil/spieler/411838,0,0
/emil-audero/profil/spieler/256339,0,0
/christian-gentner/profil/spieler/19112,217,37
/jordan-archer/profil/spieler/177952,0,0
/afonso-figueiredo/profil/spieler/237000,0,0
/everton-luiz/profil/spieler/75076,53,7
/trent-alexander-arnold/profil/spieler/314353,26,5
/dominique-badji/profil/spieler/354840,36,5
/shkodran-mustafi/profil/spieler/88590,230,42
/lazar-rosic/profil/spieler/198053,285,41
/matheus-cunha/profil/spieler/517894,0,0
/orji-okwonkwo/profil/spieler/401935,25,5
/gwion-edwards/profil/spieler/192766,0,0
/abdullah-durak/profil/spieler/82713,117,18
/ricardo-ryller/profil/spieler/349443,0,0
/elson-hooi/profil/spieler/229228,74,11
/evgeni-chernov/profil/spieler/187024,0,0
/warner-hahn/profil/spieler/111180,597,76
/alex-blanco/profil/spieler/328914,0,0
/julian-gressel/profil/spieler/229640,3,1
/domenico-criscito/profil/spieler/44136,211,39
/alexander-milosevic/profil/spieler/171376,279,37
/jordan-lefort/profil/spieler/192492,0,0
/fernando-zampedri/profil/spieler/104006,0,0
/deklan-wynne/profil/spieler/298228,0,0
/jordan-henderson/profil/spieler/61651,473,82
/kamil-zakirov/profil/spieler/494353,0,0
/niko-giesselmann/profil/spieler/72792,44,8
/thomas-roberts/profil/spieler/513967,26,4
/jan-zamburek/profil/spieler/487924,0,0
/robin-bormuth/profil/spieler/283286,0,0
/jordan-torunarigha/profil/spieler/227110,137,15
/mile-jedinak/profil/spieler/28336,30,5
/tyrone-mings/profil/spieler/253677,608,81
/john-mcginn/profil/spieler/193116,123,16
/diogo-jota/profil/spieler/340950,46,8
/omir-fernandez/profil/spieler/467271,0,0
/gonzalo-escalante/profil/spieler/266795,54,6
/nicolas-blandi/profil/spieler/153022,0,0
/danny-bakker/profil/spieler/250440,289,27
/charles/profil/spieler/154059,181,23
/leandro-fernandez/profil/spieler/131840,245,25
/igor-akinfeev/profil/spieler/15570,418,52
/andre-shinyashiki/profil/spieler/636331,0,0
/jake-cooper/profil/spieler/243603,0,0
/neymar/profil/spieler/68290,269,52
/pierre-emerick-aubameyang/profil/spieler/58864,32,9
/serdar-dursun/profil/spieler/80059,39,5
/valon-behrami/profil/spieler/21905,502,47
/cristian-herrera/profil/spieler/237617,6,1
/kalindi/profil/spieler/379377,0,0
/lorenzo-tonelli/profil/spieler/111347,171,27
/enzo-zidane/profil/spieler/106825,0,0
/kevin-trapp/profil/spieler/45672,326,42
/serhou-guirassy/profil/spieler/270541,375,36
/kerem-demirbay/profil/spieler/125858,0,0
/bulent-cevahir/profil/spieler/147518,10,3
/juan-aguilera/profil/spieler/75820,107,14
/josete/profil/spieler/77037,0,0
/moreno-rutten/profil/spieler/187296,454,17
/jeff-attinella/profil/spieler/179323,79,10
/ozan-kabak/profil/spieler/361260,14,1
/laszlo-benes/profil/spieler/243188,396,44
/ishak-belfodil/profil/spieler/111039,52,3
/mauro-cerqueira/profil/spieler/352847,32,0
/mario-rui/profil/spieler/87884,155,27
/terence-kongolo/profil/spieler/152651,209,27
/pavel-yakovlev/profil/spieler/63170,42,7
/nicola-sansone/profil/spieler/82048,180,33
/marc-cucurella/profil/spieler/284857,85,1
/jan-ingwer-callsen-bracker/profil/spieler/3851,1301,143
/clement-lenglet/profil/spieler/182904,6,1
/jonathan-de-guzman/profil/spieler/31067,513,75
/dario-benedetto/profil/spieler/92693,288,31
/marcelo-goiano/profil/spieler/248903,60,10
/sergio-gil/profil/spieler/255994,119,18
/ramon-abila/profil/spieler/88049,34,7
/yohan-croizet/profil/spieler/195910,0,0
/calogero-rizzuto/profil/spieler/93753,60,7
/aleksandr-samedov/profil/spieler/15076,93,10
/darron-gibson/profil/spieler/42413,763,104
/serhii-rybalka/profil/spieler/81649,17,3
/martin-chrien/profil/spieler/252712,51,3
/jorge-pulido/profil/spieler/67546,60,11
/claudio-yacob/profil/spieler/45330,65,12
/nicolas-aguirre/profil/spieler/88166,0,0
/lautaro-gianetti/profil/spieler/225963,0,0
/bruno-ecuele-manga/profil/spieler/60990,184,26
/oliver-mcburnie/profil/spieler/298477,0,0
/ferhat-kaplan/profil/spieler/93104,21,3
/fallou-diagne/profil/spieler/82389,157,32
/aissa-mandi/profil/spieler/80293,80,11
/aaron-seydel/profil/spieler/187499,338,33
/maximiliano-gomez/profil/spieler/396894,0,0
/yuri-gazinskiy/profil/spieler/159957,0,0
/nicolas-benezet/profil/spieler/164230,430,48
/john-goossens/profil/spieler/35527,815,61
/ruud-boffin/profil/spieler/31336,50,11
/tomas-hubocan/profil/spieler/63252,207,41
/nick-kuipers/profil/spieler/159032,482,51
/papiss-demba-cisse/profil/spieler/33952,232,26
/ben-amos/profil/spieler/73472,0,0
/nikola-maras/profil/spieler/258475,45,7
/yann-aurel-bisseck/profil/spieler/441986,3,0
/yeray-alvarez/profil/spieler/255488,294,43
/ivan-gomez/profil/spieler/459318,0,0
/iker-casillas/profil/spieler/3979,77,15
/maximilian-jansen/profil/spieler/149209,573,68
/dominik-baumgartner/profil/spieler/206906,589,82
/niki-jackson/profil/spieler/544390,0,0
/mathias-suarez/profil/spieler/294895,17,3
/nikola-stojiljkovic/profil/spieler/113504,77,13
/jordan-teze/profil/spieler/364245,0,0
/nikola-vukcevic/profil/spieler/151470,56,7
/asier-illarramendi/profil/spieler/59344,199,30
/claudio-marchisio/profil/spieler/44716,476,55
/iddrisu-baba/profil/spieler/442805,0,0
/kristoffer-olsson/profil/spieler/193592,136,14
/ilzat-akhmetov/profil/spieler/334440,43,6
/lucas-digne/profil/spieler/126664,79,19
/ravanelli/profil/spieler/390370,204,7
/lionel-messi/profil/spieler/28003,200,34
/raul-albiol/profil/spieler/15452,219,43
/rodrigo-brana/profil/spieler/56001,34,5
/josh-sargent/profil/spieler/393325,0,0
/gonzalo-castellani/profil/spieler/87840,0,0
/dominik-kohr/profil/spieler/118847,77,14
/timur-zhamaletdinov/profil/spieler/315557,34,1
/pawel-jaroszynski/profil/spieler/287600,162,23
/rani-khedira/profil/spieler/124410,179,23
/lisandro-martinez/profil/spieler/480762,0,0
/ahmed-ildiz/profil/spieler/226169,0,0
/erick-cabaco/profil/spieler/302991,55,10
/salih-dursun/profil/spieler/176961,451,66
/rouwen-hennings/profil/spieler/16311,131,19
/javier-manquillo/profil/spieler/162029,54,12
/vincent-manceau/profil/spieler/83132,0,0
/adis-jahovic/profil/spieler/98536,10,1
/tom-carroll/profil/spieler/121279,201,18
/jonathan-biabiany/profil/spieler/45567,0,0
/nahuel-molina/profil/spieler/424042,0,0
/jonas-martin/profil/spieler/127142,80,9
/marlon-ritter/profil/spieler/151636,100,12
/ayoub-el-kaabi/profil/spieler/521127,0,0
/adam-smith/profil/spieler/61841,201,26
/chris-lowe/profil/spieler/55125,237,26
/sem-steijn/profil/spieler/593519,0,0
/alex-telles/profil/spieler/255755,0,0
/jorrit-hendrix/profil/spieler/205004,260,29
/marco-asensio/profil/spieler/296622,55,14
/timo-baumgartl/profil/spieler/187491,208,26
/javi-fuego/profil/spieler/56134,363,57
/joao-teixeira/profil/spieler/182710,286,39
/facundo-piriz/profil/spieler/148607,83,16
/younes-namli/profil/spieler/227039,261,26
/arturo-calabresi/profil/spieler/240897,0,0
/niklas-sule/profil/spieler/166601,0,0
/kyle-bartley/profil/spieler/67421,573,89
/ryan-manning/profil/spieler/262300,28,4
/omar-browne/profil/spieler/189523,0,0
/sergey-petrov/profil/spieler/102581,396,47
/ezequiel-unsain/profil/spieler/337600,45,5
/pele/profil/spieler/99189,0,0
/fabio-quagliarella/profil/spieler/22328,231,42
/mubarak-wakaso/profil/spieler/45639,81,16
/lionn/profil/spieler/75116,147,22
/gaston-bojanich/profil/spieler/357337,0,0
/rodrigo-de-paul/profil/spieler/255901,0,0
/bruno-martins-indi/profil/spieler/112052,105,15
/pierrick-capelle/profil/spieler/214532,184,23
/jonathan-osorio/profil/spieler/260807,20,3
/giorgi-papunashvili/profil/spieler/214259,206,22
/lukas-gugganig/profil/spieler/164142,0,0
/drew-moor/profil/spieler/39503,465,60
/julian-brandt/profil/spieler/187492,0,0
/denis-thomalla/profil/spieler/94030,240,25
/sergio-ramos/profil/spieler/25557,203,35
/giorgi-aburjania/profil/spieler/186848,154,23
/nathan-byrne/profil/spieler/121276,0,0
/faycal-fajr/profil/spieler/174344,0,0
/richonell-margaret/profil/spieler/465326,0,0
/guilherme-oliveira/profil/spieler/257369,0,0
/artem-rebrov/profil/spieler/15680,735,56
/yohan-benalouane/profil/spieler/50477,210,18
/milton-alvarez/profil/spieler/526527,0,0
/johan-blomberg/profil/spieler/107539,0,0
/diego-valoyes/profil/spieler/413983,0,0
/milan-lukac/profil/spieler/47024,99,21
/sven-michel/profil/spieler/186988,316,55
/jannik-dehm/profil/spieler/211671,0,0
/james-milner/profil/spieler/3333,116,18
/miguel-veloso/profil/spieler/43848,302,46
/cristian-ansaldi/profil/spieler/55854,335,53
/fabian-henriquez/profil/spieler/400611,0,0
/ruben-duarte/profil/spieler/177046,97,7
/nildo-petrolina/profil/spieler/158427,243,33
/emiliano-velazquez/profil/spieler/189458,130,22
/chris-basham/profil/spieler/52495,51,9
/maciej-wilusz/profil/spieler/42109,220,22
/gerard-moreno/profil/spieler/177467,56,7
/ciro-rius/profil/spieler/101875,0,0
/nikolay-markov/profil/spieler/89088,0,0
/zelimkhan-bakaev/profil/spieler/279242,0,0
/maxime-le-marchand/profil/spieler/60558,101,17
/john-guidetti/profil/spieler/98596,474,83
/antonis-aidonis/profil/spieler/405674,0,0
/assil-jaziri/profil/spieler/633398,0,0
/guilherme/profil/spieler/55369,985,111
/alfredo-morales/profil/spieler/58500,71,11
/claudio-falcao/profil/spieler/437566,31,4
/accioly/profil/spieler/56054,69,8
/carlos-soler/profil/spieler/372246,47,9
/dani-schahin/profil/spieler/58437,0,0
/miguel-linares/profil/spieler/95504,411,42
/danil-lipovoy/profil/spieler/462988,0,0
/shawn-parker/profil/spieler/89659,677,78
/alvaro-vadillo/profil/spieler/162074,0,0
/stefan-johansen/profil/spieler/62008,45,10
/iker-muniain/profil/spieler/54235,470,78
/daniel-heuer-fernandes/profil/spieler/84993,44,6
/jason-puncheon/profil/spieler/47995,276,29
/cian-harries/profil/spieler/319300,0,0
/oliver-skipp/profil/spieler/406638,0,0
/kylian-mbappe/profil/spieler/342229,76,11
/edimilson-fernandes/profil/spieler/247555,208,37
/kortney-hause/profil/spieler/233124,129,23
/minhoca/profil/spieler/194177,153,25
/gersom-klok/profil/spieler/56325,43,6
/georgios-tzavellas/profil/spieler/42942,177,28
/david-costas/profil/spieler/276111,139,21
/marcus-epps/profil/spieler/482646,0,0
/odil-akhmedov/profil/spieler/63606,61,19
/javier-gandolfi/profil/spieler/26242,0,0
/daniel-salloi/profil/spieler/321946,25,4
/chey-dunkley/profil/spieler/217094,0,0
/martin-hinteregger/profil/spieler/85789,150,19
/erik-holt/profil/spieler/510344,40,5
/tim-knipping/profil/spieler/185520,318,30
/ryad-boudebouz/profil/spieler/77826,415,10
/marek-hamsik/profil/spieler/38593,97,16
/luquinhas/profil/spieler/402825,0,0
/branislav-ivanovic/profil/spieler/36827,114,24
/florian-kruger/profil/spieler/317740,258,25
/cameron-carter-vickers/profil/spieler/341049,17,4
/lewis-walker/profil/spieler/430801,0,0
/rui-patricio/profil/spieler/45026,27,1
/magomed-elmurzaev/profil/spieler/450282,0,0
/ivan-arboleda/profil/spieler/260740,0,0
/alvaro-raton/profil/spieler/248551,0,0
/wesley-lautoa/profil/spieler/154199,331,52
/diogo-goncalves/profil/spieler/258015,0,0
/tomas-rincon/profil/spieler/75942,206,23
/samuel-chukwueze/profil/spieler/401922,0,0
/simone-iacoponi/profil/spieler/59699,0,0
/oliver-sorg/profil/spieler/55114,165,23
/marcos-acuna/profil/spieler/60410,30,5
/xadas/profil/spieler/345345,109,18
/nicola-dalmonte/profil/spieler/301237,58,9
/lennart-thy/profil/spieler/23553,83,12
/juan-andrada/profil/spieler/457212,0,0
/jan-moravek/profil/spieler/63022,326,44
/nicolas-domingo/profil/spieler/39150,0,0
/kevin-kampl/profil/spieler/53418,196,30
/kofi-opare/profil/spieler/256357,0,0
/mitchell-dijks/profil/spieler/187245,155,29
/gotoku-sakai/profil/spieler/103310,21,3
/vlad-chiriches/profil/spieler/123261,424,73
/artur-nigmatullin/profil/spieler/70074,0,0
/romain-thomas/profil/spieler/57467,0,0
/derrick-luckassen/profil/spieler/241457,206,25
/oscar-trejo/profil/spieler/30321,70,13
/dominik-reimann/profil/spieler/238722,225,19
/moataz-zemzemi/profil/spieler/422893,0,0
/nils-roseler/profil/spieler/47740,94,7
/tomer-hemed/profil/spieler/112668,188,18
/olivier-boscagli/profil/spieler/318508,61,10
/tristan-dekker/profil/spieler/315124,137,17
/jan-kral/profil/spieler/358132,0,0
/jovane-cabral/profil/spieler/448466,0,0
/alex-ferrari/profil/spieler/197491,132,17
/marwin-reuvers/profil/spieler/470910,0,0
/ayo-akinola/profil/spieler/370979,0,0
/alessandro-murgia/profil/spieler/289061,24,2
/daniel-didavi/profil/spieler/57995,220,19
/andrey-lunev/profil/spieler/112541,91,18
/ilkay-gundogan/profil/spieler/53622,0,0
/dani-parejo/profil/spieler/59561,66,14
/sandro-wagner/profil/spieler/39743,74,16
/nikola-vlasic/profil/spieler/293200,21,4
/svante-ingelsson/profil/spieler/321079,282,27
/yannick-stark/profil/spieler/49737,34,1
/pablo-mari/profil/spieler/210178,68,9
/rui-silva/profil/spieler/234811,0,0
/gedion-zelalem/profil/spieler/228370,520,68
/thijmen-goppel/profil/spieler/342240,0,0
/nolan-mbemba/profil/spieler/276768,0,0
/frank-acheampong/profil/spieler/157160,41,7
/sebastian-palacios/profil/spieler/262861,0,0
/tono/profil/spieler/125931,439,35
/boubacar-kamara/profil/spieler/394327,107,13
/felix-eboa-eboa/profil/spieler/296359,0,0
/molla-wague/profil/spieler/129893,0,0
/eric-dier/profil/spieler/175722,176,29
/tate-schmitt/profil/spieler/637658,0,0
/robert-leipertz/profil/spieler/119120,208,9
/stiven-mendoza/profil/spieler/131101,128,7
/arturo-mina/profil/spieler/263628,114,19
/andre-claro/profil/spieler/86804,38,6
/lucas-tousart/profil/spieler/353948,0,0
/josue/profil/spieler/72772,73,14
/alejandro-pozuelo/profil/spieler/188853,238,23
/sergio-floccari/profil/spieler/30638,306,39
/ionut-radu/profil/spieler/303657,234,39
/abdou-traore/profil/spieler/42941,357,58
/marc-andre-ter-stegen/profil/spieler/74857,120,13
/damian-batallini/profil/spieler/421998,0,0
/alireza-jahanbakhsh/profil/spieler/213268,282,34
/ademola-lookman/profil/spieler/406040,56,7
/rajko-rotman/profil/spieler/100303,62,12
/michael-murillo/profil/spieler/354482,0,0
/platiny/profil/spieler/248901,158,21
/kekuta-manneh/profil/spieler/253053,217,24
/said-benrahma/profil/spieler/290532,0,0
/daryl-murphy/profil/spieler/31312,120,19
/anwar-el-ghazi/profil/spieler/183720,74,12
/mickey-van-der-hart/profil/spieler/207048,81,6
/jordan-morris/profil/spieler/337807,389,49
/clinton-njie/profil/spieler/241119,188,35
/santi-comesana/profil/spieler/380598,0,0
/onur-ayik/profil/spieler/52006,382,49
/rodrigo-battaglia/profil/spieler/89297,215,41
/ih-yeong-park/profil/spieler/307397,90,12
/welinton/profil/spieler/95152,89,12
/antonio-mirante/profil/spieler/22141,317,41
/dominic-samuel/profil/spieler/203784,0,0
/dogukan-sinik/profil/spieler/370833,0,0
/mikhail-ignatov/profil/spieler/419672,33,5
/orel-mangala/profil/spieler/289592,22,3
/nils-butzen/profil/spieler/151105,43,5
/steffen-schafer/profil/spieler/119291,16,4
/luca-sangalli/profil/spieler/289286,185,26
/tommy-elphick/profil/spieler/37152,163,27
/salvatore-sirigu/profil/spieler/25508,43,10
/ander-capa/profil/spieler/197545,58,8
/pablo-valcarce/profil/spieler/365313,0,0
/georgi-zotov/profil/spieler/113235,14,1
/christian-fernandez/profil/spieler/48294,0,0
/djordje-mihailovic/profil/spieler/484756,288,30
/juan-foyth/profil/spieler/480763,63,7
/eder/profil/spieler/37418,180,19
/diogo-leite/profil/spieler/357156,0,0
/kyle-vassell/profil/spieler/293002,0,0
/laurent-ciman/profil/spieler/22338,28,3
/kik-pierie/profil/spieler/361207,0,0
/richard-magyar/profil/spieler/148727,104,20
/arthur/profil/spieler/362842,121,13
/vincent-laurini/profil/spieler/94936,237,33
/danilo-silva/profil/spieler/61952,373,32
/osvaldo-alonso/profil/spieler/62810,273,29
/tobias-mohr/profil/spieler/153661,273,28
/hee-chan-hwang/profil/spieler/292246,196,37
/lautaro-guzman/profil/spieler/626916,0,0
/martin-skrtel/profil/spieler/24180,353,76
/julian-pollersbeck/profil/spieler/228975,35,3
/deni-milosevic/profil/spieler/168163,11,2
/ze-luis/profil/spieler/134602,244,44
/mathias-normann/profil/spieler/257805,0,0
/timo-werner/profil/spieler/170527,83,12
/ismael-quilez/profil/spieler/91360,0,0
/beram-kayal/profil/spieler/44741,336,58
/valter-birsa/profil/spieler/26105,256,40
/alex-muyl/profil/spieler/413690,17,2
/romain-genevois/profil/spieler/57525,170,21
/mohamed-elneny/profil/spieler/160438,57,15
/tom-davies/profil/spieler/314210,0,0
/sam-vines/profil/spieler/535282,0,0
/albert-rusnak/profil/spieler/43228,23,4
/enrique-borja/profil/spieler/417326,0,0
/marcus-thuram/profil/spieler/318528,0,0
/robert-andrich/profil/spieler/159088,34,7
/zac-macmath/profil/spieler/156300,30,5
/sven-braken/profil/spieler/185400,479,48
/okechukwu-azubuike/profil/spieler/386126,53,10
/michael-brouwer/profil/spieler/231650,0,0
/egor-baburin/profil/spieler/146918,184,22
/sadio-mane/profil/spieler/200512,150,21
/kristofer-kristinsson/profil/spieler/400174,0,0
/evens-joseph/profil/spieler/593320,0,0
/lukas-kubler/profil/spieler/93604,736,85
/marvin-plattenhardt/profil/spieler/89592,106,16
/emerson-hyndman/profil/spieler/223047,157,29
/darwin-quintero/profil/spieler/55666,25,3
/manuel-castro/profil/spieler/335984,0,0
/wilson-kamavuaka/profil/spieler/55512,20,5
/jese/profil/spieler/134936,271,40
/marco-dalessandro/profil/spieler/99232,174,30
/lucas-vazquez/profil/spieler/221316,77,7
/yekta-kurtulus/profil/spieler/63204,341,59
/raul-guti/profil/spieler/330352,205,23
/abdul-aziz-tetteh/profil/spieler/157003,0,0
/franck-evina/profil/spieler/336331,74,4
/ruben-pena/profil/spieler/238868,122,8
/keagan-dolly/profil/spieler/234006,35,5
/lewis-wing/profil/spieler/517286,0,0
/federico-cartabia/profil/spieler/242548,220,26
/isaac-hayden/profil/spieler/206225,84,10
/jack-butland/profil/spieler/128899,0,0
/michael-dawson/profil/spieler/9988,415,71
/aly-ghazal/profil/spieler/254981,28,4
/martin-montoya/profil/spieler/68645,68,14
/cristian-pavon/profil/spieler/373170,68,9
/alvaro-medran/profil/spieler/253839,0,0
/samba-sow/profil/spieler/89461,420,53
/alejandro-romero-gamarra/profil/spieler/355817,0,0
/oghenekaro-etebo/profil/spieler/409106,61,9
/khaled-adenon/profil/spieler/39174,0,0
/michael-hefele/profil/spieler/102382,758,94
/aatif-chahechouhe/profil/spieler/73480,76,12
/ramon-pascal-lundqvist/profil/spieler/238084,388,39
/nouha-dicko/profil/spieler/173750,358,49
/mustafa-akbas/profil/spieler/98113,176,35
/marakis/profil/spieler/188669,17,3
/cristian-chavez/profil/spieler/70132,45,8
/lazar-markovic/profil/spieler/144303,254,37
/maksim-semakin/profil/spieler/72165,0,0
/zian-flemming/profil/spieler/411537,0,0
/robert-strauss/profil/spieler/18068,245,31
/toni-lato/profil/spieler/320271,32,4
/jack-grealish/profil/spieler/203460,0,0
/tim-matavz/profil/spieler/50303,501,92
/albert-adomah/profil/spieler/83430,0,0
/kiki/profil/spieler/270055,31,4
/jake-nerwinski/profil/spieler/482612,0,0
/eljif-elmas/profil/spieler/400489,0,0
/dimitri-payet/profil/spieler/37647,163,24
/sven-ulreich/profil/spieler/40680,198,27
/danilo-soares/profil/spieler/154396,0,0
/robert-muhren/profil/spieler/186763,3,1
/johnny-russell/profil/spieler/55494,170,25
/henri-lansbury/profil/spieler/44794,97,21
/brandon-servania/profil/spieler/455979,58,8
/jailson/profil/spieler/366948,0,0
/britt-assombalonga/profil/spieler/186172,0,0
/conor-townsend/profil/spieler/146509,22,4
/ivan-markelov/profil/spieler/106569,0,0
/marcelo/profil/spieler/52920,26,2
/anton-shunin/profil/spieler/37549,115,4
/mikel-san-jose/profil/spieler/52469,70,11
/jan-vertonghen/profil/spieler/43250,396,62
/eric-miller/profil/spieler/245315,125,17
/kyle-duncan/profil/spieler/349699,325,39
/emmanuel-iyoha/profil/spieler/314245,41,2
/romulo/profil/spieler/121756,392,59
/murat-cem-akpinar/profil/spieler/388913,0,0
/luca-plogmann/profil/spieler/335997,0,0
/erwin-mulder/profil/spieler/56631,88,17
/david-junca/profil/spieler/164055,403,55
/matias-caruzzo/profil/spieler/56573,0,0
/vitor-goncalves/profil/spieler/194547,0,0
/markel-susaeta/profil/spieler/54245,49,11
/brice-samba/profil/spieler/191056,0,0
/geronimo-rulli/profil/spieler/229604,125,19
/andrej-kramaric/profil/spieler/46580,53,3
/anaitz-arbilla/profil/spieler/71548,454,64
/alan/profil/spieler/73460,728,88
/benjamin-hubner/profil/spieler/52348,272,39
/kevin-lankford/profil/spieler/338879,42,7
/enis-hajri/profil/spieler/28735,214,24
/steve-mandanda/profil/spieler/23951,313,40
/raul-navas/profil/spieler/142419,570,68
/adrien-thomasson/profil/spieler/215977,0,0
/joshua-brenet/profil/spieler/207006,40,9
/erick-pulgar/profil/spieler/215616,54,5
/nick-rimando/profil/spieler/39434,86,14
/lucas-villalba/profil/spieler/240913,0,0
/simon-dawkins/profil/spieler/57488,106,19
/vitus-eicher/profil/spieler/57796,29,2
/fabian-ruiz/profil/spieler/350219,113,15
/carlos-akapo/profil/spieler/225015,250,35
/niltinho/profil/spieler/271353,12,2
/borys-tashchy/profil/spieler/138292,184,20
/aron-gunnarsson/profil/spieler/63821,224,36
/william/profil/spieler/153207,121,15
/toni-sunjic/profil/spieler/60790,4,1
/antonin-barak/profil/spieler/272261,261,28
/callum-connolly/profil/spieler/308632,0,0
/joe-gomez/profil/spieler/256178,565,97
/junio/profil/spieler/520469,0,0
/elhadji-pape-diaw/profil/spieler/410238,28,4
/florian-thauvin/profil/spieler/184892,71,14
/miguel-luis/profil/spieler/357161,49,1
/carlos-martinez/profil/spieler/58074,1008,122
/yannis-ammour/profil/spieler/420782,0,0
/facundo-sanchez/profil/spieler/107523,0,0
/leo-stulac/profil/spieler/171159,40,5
/solly-march/profil/spieler/209212,0,0
/sebastian-griesbeck/profil/spieler/153555,90,10
/lewis-dunk/profil/spieler/148153,0,0
/bart-ramselaar/profil/spieler/326701,37,4
/roman-tugarev/profil/spieler/289643,0,0
/vladimir-rykov/profil/spieler/117802,101,13
/greg-leigh/profil/spieler/201586,0,0
/costinha/profil/spieler/236886,0,0
/alex-meret/profil/spieler/240414,362,37
/joao-carvalho/profil/spieler/258005,0,0
/ayoze-perez/profil/spieler/246968,0,0
/lukas-jutkiewicz/profil/spieler/33507,0,0
/mohammed-osman/profil/spieler/273431,0,0
/jaakko-oksanen/profil/spieler/433893,0,0
/oualid-el-hajjam/profil/spieler/283127,0,0
/taleb-tawatha/profil/spieler/60761,256,30
/jonathas/profil/spieler/58345,258,37
/moryke-fofana/profil/spieler/240497,13,4
/adrian-calello/profil/spieler/55911,164,26
/daniel-james/profil/spieler/319301,0,0
/baris-ekincier/profil/spieler/383223,158,17
/jack-robinson/profil/spieler/128909,371,82
/kevin-mohwald/profil/spieler/94137,117,10
/christian-kouame/profil/spieler/337725,114,15
/mucahit-can-akcay/profil/spieler/315202,0,0
/mohamed-drager/profil/spieler/192167,0,0
/joao-talocha/profil/spieler/205116,0,0
/reto-ziegler/profil/spieler/9915,143,25
/massimo-gobbi/profil/spieler/28020,199,25
/felix-wiedwald/profil/spieler/44594,163,19
/diogo-verdasca/profil/spieler/225162,7,1
/handwalla-bwana/profil/spieler/425824,103,16
/jefferson-montero/profil/spieler/77932,435,45
/paddy-mcnair/profil/spieler/167268,403,58
/nicolai-muller/profil/spieler/39426,399,57
/ignacio-piatti/profil/spieler/37433,110,17
/gustavo-sauer/profil/spieler/336158,69,2
/ezequiel-videla/profil/spieler/125889,0,0
/alan-ruiz/profil/spieler/190442,91,10
/facundo-medina/profil/spieler/474800,0,0
/bernard-tekpetey/profil/spieler/422380,73,10
/angel-rangel/profil/spieler/66550,195,33
/clemente/profil/spieler/59372,41,4
/maximilian-mittelstadt/profil/spieler/282660,90,12
/ze-manuel/profil/spieler/113025,0,0
/iago-aspas/profil/spieler/72047,200,26
/antonino-barilla/profil/spieler/39828,51,8
/issam-chebake/profil/spieler/332049,25,3
/dean-gerken/profil/spieler/42055,199,23
/joaquin-laso/profil/spieler/360797,0,0
/aleksandr-anyukov/profil/spieler/17749,30,7
/havard-nielsen/profil/spieler/136181,291,35
/osman-kakay/profil/spieler/419576,0,0
/sebastian-ernst/profil/spieler/108198,290,16
/erick-gutierrez/profil/spieler/298796,25,3
/idrissa-doumbia/profil/spieler/430579,0,0
/dani-romera/profil/spieler/271451,203,15
/leandro-paiva/profil/spieler/269524,17,2
/leon-bailey/profil/spieler/387626,38,5
/german-herrera/profil/spieler/32710,0,0
/thomas-delaney/profil/spieler/91849,210,30
/tristan-nydam/profil/spieler/483545,0,0
/pavel-kaloshin/profil/spieler/605627,0,0
/kurt-zouma/profil/spieler/157509,467,42
/yussuf-poulsen/profil/spieler/157635,88,14
/lukas-hinterseer/profil/spieler/59054,45,5
/sone-aluko/profil/spieler/42198,241,41
/alexander-buttner/profil/spieler/38003,29,4
/alexandru-epureanu/profil/spieler/45340,386,47
/nahuel-arena/profil/spieler/552629,0,0
/xisco-campos/profil/spieler/70946,161,15
/luis-robles/profil/spieler/47289,53,8
/erik-zenga/profil/spieler/85961,615,74
/martin-cranie/profil/spieler/27659,180,28
/dries-saddiki/profil/spieler/370042,0,0
/aymeric-laporte/profil/spieler/176553,158,20
/takashi-inui/profil/spieler/98249,48,8
/richie-laryea/profil/spieler/417348,0,0
/zanka/profil/spieler/52059,216,27
/craig-noone/profil/spieler/81202,160,14
/dani-ceballos/profil/spieler/319745,0,0
/alexandre-mendy/profil/spieler/290561,27,4
/douglas-luiz/profil/spieler/447661,65,7
/borja-baston/profil/spieler/85324,0,0
/marvin-ducksch/profil/spieler/125103,0,0
/brent-kallman/profil/spieler/226643,0,0
/marcelo-brozovic/profil/spieler/156617,150,19
/casimir-ninga/profil/spieler/392810,182,27
/kevin-gameiro/profil/spieler/27389,252,38
/stijn-schaars/profil/spieler/4698,1329,195
/rodrigo-salinas/profil/spieler/125750,0,0
/alejo-montero/profil/spieler/649998,0,0
/agustin-fontana/profil/spieler/345229,0,0
/paul-baysse/profil/spieler/43256,434,67
/oscar-cabezas/profil/spieler/514299,0,0
/mo-el-hankouri/profil/spieler/384587,0,0
/andrew-hjulsager/profil/spieler/167798,0,0
/nuno-andre-coelho/profil/spieler/40858,488,56
/jay-chapman/profil/spieler/189032,148,14
/fousseni-diabate/profil/spieler/364861,0,0
/gustavo-hamer/profil/spieler/322985,0,0
/tim-rieder/profil/spieler/111277,49,9
/samir-handanovic/profil/spieler/28021,26,6
/juan-forlin/profil/spieler/53332,243,30
/lyanco/profil/spieler/379807,332,38
/sebastien-de-maio/profil/spieler/56830,29,3
/joe-bennett/profil/spieler/90964,130,25
/alisson/profil/spieler/105470,19,5
/fernandinho/profil/spieler/26267,302,45
/emanuel-iniguez/profil/spieler/542138,0,0
/giovanni-zarfino/profil/spieler/208022,79,9
/jorge-fellipe/profil/spieler/132060,0,0
/fedor-chalov/profil/spieler/287183,0,0
/wallace/profil/spieler/225335,137,28
/mauricio-rosales/profil/spieler/251619,0,0
/tom-edwards/profil/spieler/430788,0,0
/andreas-cornelius/profil/spieler/203412,38,5
/zaydou-youssouf/profil/spieler/471582,0,0
/nathaniel-mendez-laing/profil/spieler/125409,94,12
/charlie-lakin/profil/spieler/564048,0,0
/nahuel-estevez/profil/spieler/552472,0,0
/ruben-aguilar/profil/spieler/203746,0,0
/federico-valverde/profil/spieler/369081,55,8
/esteban-andrada/profil/spieler/105888,52,10
/dong-won-ji/profil/spieler/164265,315,42
/stephane-sparagna/profil/spieler/289216,211,27
/serginho/profil/spieler/40555,0,0
/jan-philipp-kalla/profil/spieler/30985,563,62
/yoel-barcenas/profil/spieler/283473,0,0
/roger-espinoza/profil/spieler/71096,249,24
/senou-coulibaly/profil/spieler/596240,0,0
/nacho-monreal/profil/spieler/43003,322,66
/alessandro-bastoni/profil/spieler/315853,58,8
/aleksandr-kokorin/profil/spieler/89086,258,23
/jeremy-grimm/profil/spieler/56294,0,0
/anthony-forde/profil/spieler/146494,0,0
/darko-lazovic/profil/spieler/70411,220,28
/vasilije-janjicic/profil/spieler/265254,38,6
/goncalo-cardoso/profil/spieler/587106,0,0
/daniel-bessa/profil/spieler/140757,0,0
/yoell-van-nieff/profil/spieler/187301,6,1
/luis-alberto/profil/spieler/128220,160,31
/ayaz-guliev/profil/spieler/260672,0,0
/aleksandr-martynovich/profil/spieler/59352,21,4
/neto/profil/spieler/291968,0,0
/dax-mccarty/profil/spieler/39479,90,17
/luther-singh/profil/spieler/387378,0,0
/zeki-erkilinc/profil/spieler/387218,45,8
/emmanuel-adebayor/profil/spieler/8883,135,30
/amin-younes/profil/spieler/96167,345,75
/pasquale-schiattarella/profil/spieler/56762,12,2
/emiliano-insua/profil/spieler/45599,81,10
/daniel-baier/profil/spieler/4018,201,24
/fabri/profil/spieler/45882,424,51
/jordy-de-wijs/profil/spieler/215096,55,8
/hal-robson-kanu/profil/spieler/65976,19,3
/thomas-fontaine/profil/spieler/80036,0,0
/joe-allen/profil/spieler/51452,307,45
/sam-johnson/profil/spieler/252062,0,0
/pirmin-schwegler/profil/spieler/14533,250,31
/jony/profil/spieler/228761,32,5
/wendel/profil/spieler/499721,35,8
/claudemir/profil/spieler/68275,22,4
/javi-galan/profil/spieler/448628,0,0
/niklas-lomb/profil/spieler/85543,34,8
/junior-sambia/profil/spieler/335147,0,0
/andrew-taylor/profil/spieler/29158,170,28
/fede-san-emeterio/profil/spieler/307519,0,0
/dani-calvo/profil/spieler/326416,0,0
/kevin-wimmer/profil/spieler/122675,24,6
/juan-sanchez-mino/profil/spieler/169249,9,2
/gael-kakuta/profil/spieler/74297,276,58
/facundo-almada/profil/spieler/639390,0,0
/david-mcgoldrick/profil/spieler/35416,288,28
/dario-van-den-buijs/profil/spieler/235274,90,12
/mats-kohlert/profil/spieler/288067,47,7
/antonio-barreca/profil/spieler/241889,86,12
/andoni-gorosabel/profil/spieler/289255,121,18
/jules-keita/profil/spieler/402117,0,0
/matthew-pennington/profil/spieler/220755,161,23
/emmanuel-ledesma/profil/spieler/62247,31,4
/immanuel-hohn/profil/spieler/77920,237,25
/federico-peluso/profil/spieler/21763,169,30
/sergio-pellissier/profil/spieler/5928,219,29
/christian-walton/profil/spieler/208379,71,25
/batuhan-artarslan/profil/spieler/237481,139,27
/ivan-novoseltsev/profil/spieler/231873,125,19
/callum-paterson/profil/spieler/169555,592,62
/kieran-trippier/profil/spieler/95810,0,0
/ridgeciano-haps/profil/spieler/228444,330,48
/mark-duffy/profil/spieler/105565,20,3
/iago-falque/profil/spieler/59340,172,29
/dimitri-foulquier/profil/spieler/170472,184,22
/rafael/profil/spieler/61892,291,46
/andrea-seculin/profil/spieler/85380,183,29
/mark-anthony-kaye/profil/spieler/343553,156,15
/tim-kister/profil/spieler/54767,418,54
/ugur-demirok/profil/spieler/44977,180,29
/matias-pellegrini/profil/spieler/606267,0,0
/vedad-ibisevic/profil/spieler/21175,314,37
/jordan-marie/profil/spieler/231025,0,0
/eduardo-henrique/profil/spieler/216118,0,0
/tim-parker/profil/spieler/354737,0,0
/yuri-zhirkov/profil/spieler/16760,475,66
/achraf-hakimi/profil/spieler/398073,91,7
/bouna-sarr/profil/spieler/190685,16,2
/ruben-vezo/profil/spieler/257851,74,10
/naim-sliti/profil/spieler/184491,46,8
/artem-dzyuba/profil/spieler/48067,83,7
/angel-gonzalez/profil/spieler/347920,0,0
/mauro-junior/profil/spieler/323910,0,0
/bartosz-bialkowski/profil/spieler/24496,123,12
/jose-antonio-reyes/profil/spieler/7717,196,39
/abdelhamid-sabiri/profil/spieler/340394,194,28
/dean-henderson/profil/spieler/258919,0,0
/maikel-kieftenbeld/profil/spieler/82332,311,11
/stewart-downing/profil/spieler/4063,199,38
/ivan-novoseltsev/profil/spieler/231873,125,19
/rasmus-thelander/profil/spieler/129092,547,73
/baptiste-reynet/profil/spieler/190786,0,0
/juan-muniz/profil/spieler/85357,99,12
/joel-lynch/profil/spieler/33070,0,0
/jeremy-sorbon/profil/spieler/56820,0,0
/leandro-chichizola/profil/spieler/95736,10,1
/luca-zander/profil/spieler/139278,634,74
/zhi-yang/profil/spieler/63522,363,35
/arne-feick/profil/spieler/38609,288,28
/nelson-monte/profil/spieler/332615,207,22
/aly-cissokho/profil/spieler/57515,118,18
/dennis-praet/profil/spieler/129588,0,0
/youssouf-sabaly/profil/spieler/135492,86,10
/taha-yalciner/profil/spieler/51938,96,13
/dmitri-poloz/profil/spieler/98539,0,0
/barrie-mckay/profil/spieler/208934,0,0
/mickael-alphonse/profil/spieler/172153,0,0
/abdoulaye-diallo/profil/spieler/415271,0,0
/adama-diomande/profil/spieler/93145,111,16
/dan-crowley/profil/spieler/223225,0,0
/adrian-semper/profil/spieler/317057,0,0
/leander-dendoncker/profil/spieler/168157,59,8
/florent-muslija/profil/spieler/337036,0,0
/cristian-romero/profil/spieler/355915,0,0
/sammy-ameobi/profil/spieler/92381,157,23
/joshua-king/profil/spieler/91059,0,0
/marcio-mossoro/profil/spieler/45596,257,28
/ronaldo-vieira/profil/spieler/434676,23,5
/carlos-fernandez/profil/spieler/216464,435,51
/patrick-twumasi/profil/spieler/188651,0,0
/gia-grigalava/profil/spieler/52089,103,9
/ryan-shawcross/profil/spieler/45861,230,31
/mossa/profil/spieler/96094,0,0
/paxton-pomykal/profil/spieler/455978,101,17
/granit-xhaka/profil/spieler/111455,0,0
/goncalo-guedes/profil/spieler/225122,107,20
/agustin-verdugo/profil/spieler/528270,0,0
/thiago-silva/profil/spieler/29241,426,77
/seth-sinovic/profil/spieler/144959,151,25
/henry-wingo/profil/spieler/378478,112,16
/alberto-benito/profil/spieler/263748,35,6
/kei-kamara/profil/spieler/39049,18,3
/egor-sorokin/profil/spieler/288721,0,0
/sam-mcqueen/profil/spieler/226968,0,0
/stefan-mitrovic/profil/spieler/143029,176,22
/evan-bush/profil/spieler/148916,0,0
/paulinho/profil/spieler/211072,78,13
/nicolas-de-la-cruz/profil/spieler/397458,286,35
/jordan-hamilton/profil/spieler/294707,0,0
/tyrell-malacia/profil/spieler/339340,53,6
/denis-terentjev/profil/spieler/144583,265,29
/kevin-bonifazi/profil/spieler/247377,137,19
/frederik-ronnow/profil/spieler/107775,421,47
/russell-teibert/profil/spieler/103627,184,20
/fernando-barrientos/profil/spieler/154292,0,0
/santiago-patino/profil/spieler/644780,0,0
/franco-di-santo/profil/spieler/59783,387,57
/lucas-torro/profil/spieler/213670,187,30
/steven-bergwijn/profil/spieler/284165,99,6
/jires-kembo-ekoko/profil/spieler/40446,85,15
/vanja-vucicevic/profil/spieler/423612,0,0
/lucas-chaves/profil/spieler/360791,0,0
/alan-schons/profil/spieler/378866,0,0
/ricardo-esgaio/profil/spieler/139395,20,4
/martin-dubravka/profil/spieler/74960,0,0
/vincent-kompany/profil/spieler/9594,598,108
/abdullahi-shehu/profil/spieler/262687,159,16
/konstantinos-mavropanos/profil/spieler/415912,117,28
/chico-geraldes/profil/spieler/257456,102,19
/todd-kane/profil/spieler/154287,318,55
/fedor-kudryashov/profil/spieler/48634,123,7
/mert-hakan-yandas/profil/spieler/306462,101,14
/jose-izquierdo/profil/spieler/147094,234,37
/memphis-depay/profil/spieler/167850,48,11
/ander-iturraspe/profil/spieler/71571,250,45
/dennis-hadzikadunic/profil/spieler/322065,0,0
/christian-atsu/profil/spieler/186997,209,27
/kevin-mirallas/profil/spieler/33639,183,31
/angelo-fulgini/profil/spieler/250013,0,0
/adam-marusic/profil/spieler/239802,71,13
/rodrigo-becao/profil/spieler/410158,7,2
/patrik-sigurdur-gunnarsson/profil/spieler/429563,0,0
/mattias-bjarsmyr/profil/spieler/30386,139,20
/stefan-radu/profil/spieler/44420,266,39
/evgeni-kharin/profil/spieler/193464,0,0
/edwar-lopez/profil/spieler/572077,0,0
/edu-campabadal/profil/spieler/126722,378,41
/konstantin-pliev/profil/spieler/394400,0,0
/richard-smallwood/profil/spieler/158713,0,0
/jordy-clasie/profil/spieler/104223,191,25
/adama-traore/profil/spieler/204103,116,19
/serge-aurier/profil/spieler/127032,195,43
/hector-bellerin/profil/spieler/191217,263,43
/andres-lioi/profil/spieler/563336,0,0
/jan-arie-van-der-heijden/profil/spieler/45538,136,20
/mahmut-tekdemir/profil/spieler/54177,140,26
/almamy-toure/profil/spieler/216181,370,46
/jack-lankester/profil/spieler/602544,0,0
/bressan/profil/spieler/256453,47,3
/brandt-bronico/profil/spieler/271183,0,0
/andres-renteria/profil/spieler/233007,12,3
/erik-durm/profil/spieler/93922,570,94
/maciej-rybus/profil/spieler/59597,317,57
/kevin-stewart/profil/spieler/200782,49,9
/olamide-shodipo/profil/spieler/401268,0,0
/daniel-steininger/profil/spieler/195720,131,18
/georgi-schennikov/profil/spieler/70097,521,67
/ben-wiles/profil/spieler/542471,0,0
/bruno-fernandes/profil/spieler/240306,0,0
/kelyn-rowe/profil/spieler/183118,78,13
/luca-siligardi/profil/spieler/86079,294,35
/alexander-rossipal/profil/spieler/296188,142,16
/jubal/profil/spieler/149928,252,5
/vukasin-jovanovic/profil/spieler/264140,105,22
/david-atanga/profil/spieler/254284,74,17
/davinson-sanchez/profil/spieler/341429,50,15
/daan-klomp/profil/spieler/400671,0,0
/rodrigo-arciero/profil/spieler/322649,0,0
/mauricio-pereyra/profil/spieler/102452,44,9
/johannes-flum/profil/spieler/38415,483,64
/josh-tymon/profil/spieler/419929,0,0
/ali-adnan/profil/spieler/261611,44,6
/kwadwo-asamoah/profil/spieler/63531,452,78
/lukas-frode/profil/spieler/153628,66,12
/matthias-verreth/profil/spieler/292817,0,0
/tom-barlow/profil/spieler/509916,0,0
/mauricio-toni/profil/spieler/540299,0,0
/waldemar-sobota/profil/spieler/110852,156,21
/ilya-abaev/profil/spieler/15569,61,14
/adam-armstrong/profil/spieler/250426,19,3
/michael-frey/profil/spieler/147043,481,62
/enzo-loiodice/profil/spieler/581781,30,5
/gael-clichy/profil/spieler/7449,316,59
/jackson-irvine/profil/spieler/192557,36,4
/joao-lopes/profil/spieler/547553,0,0
/bram-nuytinck/profil/spieler/104597,258,40
/tin-jedvaj/profil/spieler/206386,402,55
/claudio-spinelli/profil/spieler/504882,0,0
/carraca/profil/spieler/291941,0,0
/kikas/profil/spieler/383807,23,4
/atakan-akkaynak/profil/spieler/327542,0,0
/luca-zidane/profil/spieler/283489,231,32
/dario-melnjak/profil/spieler/238500,0,0
/james-mcclean/profil/spieler/85935,31,3
/joaquin-correa/profil/spieler/227081,79,15
/ruben-rochina/profil/spieler/67548,221,29
/benjamin-pavard/profil/spieler/353366,92,8
/thomas-bruns/profil/spieler/172202,29,5
/chadrac-akolo/profil/spieler/247459,561,35
/chris-mepham/profil/spieler/480987,0,0
/papy-djilobodji/profil/spieler/136610,21,3
/michael-de-leeuw/profil/spieler/110906,417,54
/gonzalo-asis/profil/spieler/549958,0,0
/borja-valle/profil/spieler/176067,41,6
/felix-platte/profil/spieler/195782,773,88
/pol-llonch/profil/spieler/205276,18,3
/callum-elder/profil/spieler/271997,0,0
/abel-hernandez/profil/spieler/76608,784,127
/joao-novais/profil/spieler/228940,0,0
/charles/profil/spieler/16335,108,18
/jozabed-sanchez/profil/spieler/207924,54,8
/marcelo/profil/spieler/190185,232,22
/lionel-carole/profil/spieler/11530,101,20
/fabio-pacheco/profil/spieler/111200,39,6
/sebastian-rode/profil/spieler/44466,468,79
/fredy-montero/profil/spieler/73852,58,13
/francesco-magnanelli/profil/spieler/7093,261,38
/pablo-fornals/profil/spieler/357885,18,3
/miiko-albornoz/profil/spieler/75852,207,23
/tim-van-de-berg/profil/spieler/447827,0,0
/maximilian-bauer/profil/spieler/388363,13,2
/ryan-williams/profil/spieler/192239,0,0
/caner-cavlan/profil/spieler/136550,32,1
/gonzalo-maroni/profil/spieler/441385,0,0
/zeki-yavru/profil/spieler/98131,48,11
/johannes-van-den-bergh/profil/spieler/31218,242,39
/nicolas-linares/profil/spieler/534616,0,0
/roberto-piccoli/profil/spieler/432092,0,0
/jimmy-briand/profil/spieler/18909,285,33
/sory-kaba/profil/spieler/355689,14,2
/justen-glad/profil/spieler/334597,58,8
/semi-ajayi/profil/spieler/251912,0,0
/kike-marquez/profil/spieler/101733,0,0
/james-chester/profil/spieler/73482,220,33
/ben-alnwick/profil/spieler/27036,30,5
/hassane-kamara/profil/spieler/290017,81,10
/joe-mattock/profil/spieler/49611,0,0
/emil-krafth/profil/spieler/184528,124,17
/cyrus-christie/profil/spieler/158623,95,16
/carlos-pita/profil/spieler/34566,0,0
/nicolas-schiappacasse/profil/spieler/345473,16,2
/tolgay-arslan/profil/spieler/53536,397,56
/tobias-reithmeir/profil/spieler/420298,0,0
/sean-klaiber/profil/spieler/268113,250,34
/jannik-pohl/profil/spieler/288432,106,11
/gaston-campi/profil/spieler/292174,0,0
/jasmin-kurtic/profil/spieler/85825,72,12
/matheus-reis/profil/spieler/379249,0,0
/federico-mattiello/profil/spieler/200194,702,58
/miles-robinson/profil/spieler/468022,0,0
/jose-luis-palomino/profil/spieler/125020,55,10
/nathaniel-clyne/profil/spieler/85177,302,52
/francesco-acerbi/profil/spieler/131075,199,30
/tim-chow/profil/spieler/196693,9,2
/cole-skuse/profil/spieler/48094,0,0
/daniel-lasure/profil/spieler/336736,77,15
/sergi-palencia/profil/spieler/268176,210,22
/kevin-vazquez/profil/spieler/221315,78,9
/raphael-framberger/profil/spieler/146163,621,69
/anton-belov/profil/spieler/425746,0,0
/nelson-semedo/profil/spieler/231572,143,28
/andre-zambo-anguissa/profil/spieler/354361,78,13
/marc-aurele-caillard/profil/spieler/205465,0,0
/arturo-vidal/profil/spieler/37666,174,21
/luciano-abecasis/profil/spieler/149435,0,0
/alexis-maldonado/profil/spieler/444100,0,0
/filip-kusic/profil/spieler/217285,0,0
/laurent-depoitre/profil/spieler/90583,32,6
/michel-vorm/profil/spieler/26276,267,32
/theodor-gebre-selassie/profil/spieler/60632,125,16
/vladimir-poluyakhtov/profil/spieler/58429,0,0
/oussama-tannane/profil/spieler/235540,316,47
/dusan-vlahovic/profil/spieler/357498,0,0
/diego-lainez/profil/spieler/371174,23,4
/thomas-amilivia/profil/spieler/639767,0,0
/stefan-posch/profil/spieler/223974,169,18
/agustin-allione/profil/spieler/189411,144,20
/romain-metanire/profil/spieler/154209,0,0
/nahitan-nandez/profil/spieler/315063,31,9
/jake-livermore/profil/spieler/61832,0,0
/paolo-goltz/profil/spieler/55183,104,18
/aleksandar-katai/profil/spieler/139915,20,2
/oumar-niasse/profil/spieler/209781,0,0
/aymen-barkok/profil/spieler/315332,44,2
/filip-djuricic/profil/spieler/94307,70,8
/klaus-gjasula/profil/spieler/57598,209,22
/benjamin-mendy/profil/spieler/157495,506,101
/luciano-slagveer/profil/spieler/187298,123,21
/marc-muniesa/profil/spieler/74228,461,54
/lechii-sadulaev/profil/spieler/623553,0,0
/kenedy/profil/spieler/281404,121,12
/melvyn-lorenzen/profil/spieler/143121,568,65
/manu-garcia/profil/spieler/76273,0,0
/leon-musaev/profil/spieler/375668,0,0
/denis-glushakov/profil/spieler/55336,80,17
/tiago-mesquita/profil/spieler/130622,229,28
/murat-yildirim/profil/spieler/35530,31,4
/jose-valencia/profil/spieler/119183,333,43
/filippo-costa/profil/spieler/197743,64,10
/marcel-schmelzer/profil/spieler/35208,245,40
/jean-kevin-augustin/profil/spieler/264956,33,6
/cheikh-mbengue/profil/spieler/56795,133,25
/jonathan-sandoval/profil/spieler/74268,0,0
/luciano-vietto/profil/spieler/214316,59,10
/ivan-radovanovic/profil/spieler/46105,564,60
/nicklas-pedersen/profil/spieler/44588,191,21
/alfie-mawson/profil/spieler/287431,193,27
/enzo-kalinski/profil/spieler/67818,0,0
/reece-burke/profil/spieler/264220,0,0
/yuri-nesterenko/profil/spieler/147072,0,0
/daniel-bentley/profil/spieler/136401,0,0
/manuel-fernandes/profil/spieler/16791,391,54
/federico-marchetti/profil/spieler/22318,353,53
/willian-jose/profil/spieler/122155,137,18
/elias-gomez/profil/spieler/302139,0,0
/manu-barreiro/profil/spieler/72484,13,0
/oliver-norwood/profil/spieler/73547,0,0
/eric-alexander/profil/spieler/146031,140,23
/mevlut-erdinc/profil/spieler/38360,100,21
/takashi-usami/profil/spieler/111881,153,27
/lucas-woudenberg/profil/spieler/221766,10,2
/jonas-knudsen/profil/spieler/144904,0,0
/caleb-stanko/profil/spieler/190269,384,46
/ponck/profil/spieler/341516,0,0
/dairon-asprilla/profil/spieler/260381,30,5
/lucas-moura/profil/spieler/77100,88,16
/andrew-surman/profil/spieler/29975,317,48
/robin-koch/profil/spieler/328784,0,0
/viktor-vasin/profil/spieler/60134,661,82
/lucas-melano/profil/spieler/220753,0,0
/grzegorz-krychowiak/profil/spieler/45184,88,22
/iago-herrerin/profil/spieler/71570,91,11
/mikhail-lysov/profil/spieler/289590,0,0
/ben-thompson/profil/spieler/337062,0,0
/joe-bryan/profil/spieler/194460,47,7
/brian-rowe/profil/spieler/213545,48,10
/matt-crooks/profil/spieler/169416,60,9
/omer-sismanoglu/profil/spieler/50774,360,60
/kirill-panchenko/profil/spieler/106675,230,30
/delano-van-crooij/profil/spieler/159143,0,0
/hilal-ben-moussa/profil/spieler/223405,344,46
/tyler-adams/profil/spieler/332705,63,10
/henk-veerman/profil/spieler/271743,212,24
/hakan-ozmert/profil/spieler/17465,327,52
/eric-remedi/profil/spieler/362364,10,1
/anibal-godoy/profil/spieler/161671,30,4
/alper-potuk/profil/spieler/99186,185,32
/christian-martinez/profil/spieler/419247,10,1
/mikhail-levashov/profil/spieler/148028,26,5
/washington-camacho/profil/spieler/76490,32,4
/yvon-mvogo/profil/spieler/147051,53,8
/rafael-crivellaro/profil/spieler/145692,76,10
/christopher-handke/profil/spieler/57704,78,8
/jamilu-collins/profil/spieler/254934,0,0
/florian-baak/profil/spieler/296345,83,11
/alex-tayo-akande/profil/spieler/209778,72,7
/aytac-kara/profil/spieler/159908,343,37
/ozer-hurmaci/profil/spieler/45004,464,66
/malcom/profil/spieler/323704,0,0
/brad-smith/profil/spieler/175745,338,36
/saad-abdul-salaam/profil/spieler/270532,20,2
/ibrahima-cisse/profil/spieler/160380,148,18
/gavin-massey/profil/spieler/148258,0,0
/konrad-laimer/profil/spieler/223967,130,14
/aleksey-gritsaenko/profil/spieler/379634,40,4
/artem-golubev/profil/spieler/375663,0,0
/jack-price/profil/spieler/129062,0,0
/michael-ihiekwe/profil/spieler/145923,0,0
/adrian-dalmau/profil/spieler/288228,49,5
/matias-vecino/profil/spieler/143812,160,25
/enis-bardhi/profil/spieler/245014,7,2
/chechu-dorado/profil/spieler/70898,179,27
/mikel-merino/profil/spieler/338424,130,18
/johannes-wurtz/profil/spieler/93926,163,14
/sebastian-villa/profil/spieler/493000,0,0
/michael-ratajczak/profil/spieler/1257,22,4
/mbilla-etame/profil/spieler/78798,486,71
/josh-vela/profil/spieler/173804,68,14
/vladislav-ignatjev/profil/spieler/51897,29,6
/makhete-diop/profil/spieler/124757,0,0
/leandro-sapetti/profil/spieler/149486,29,3
/ferhat-oztorun/profil/spieler/37839,82,18
/santi-mina/profil/spieler/255653,88,13
/calvin-verdonk/profil/spieler/258364,3,2
/hassani-dotson/profil/spieler/636081,0,0
/mike-te-wierik/profil/spieler/155806,97,15
/victor-cabrera/profil/spieler/353463,149,24
/matteo-scozzarella/profil/spieler/85208,288,32
/ryan-bennett/profil/spieler/67252,54,10
/mads-bech-sorensen/profil/spieler/372240,0,0
/oliver-baumann/profil/spieler/55089,8,2
/ogenyi-onazi/profil/spieler/131709,316,43
/baptiste-santamaria/profil/spieler/285323,0,0
/fede-vico/profil/spieler/162079,0,0
/joao-camacho/profil/spieler/268732,53,9
/arkadiusz-milik/profil/spieler/191891,394,72
/joao-palhinha/profil/spieler/257455,4,1
/karl-toko-ekambi/profil/spieler/315110,0,0
/bilal-kisa/profil/spieler/7444,435,73
/rudy-gestede/profil/spieler/39908,0,0
/lucas-olaza/profil/spieler/216240,131,16
/vitor-bruno/profil/spieler/130635,0,0
/otavio/profil/spieler/312314,0,0
/cristian-borja/profil/spieler/356099,15,2
/ollie-watkins/profil/spieler/324358,0,0
/leandro-paredes/profil/spieler/166237,145,17
/duvan-vergara/profil/spieler/413658,0,0
/dmitri-kombarov/profil/spieler/38782,38,6
/fernando-monetti/profil/spieler/69815,182,21
/carlos-pomares/profil/spieler/238872,0,0
/bastos/profil/spieler/195810,88,16
/daniel-carvajal/profil/spieler/138927,388,61
/abduhamit-abdugheni/profil/spieler/449191,0,0
/ceyhun-gulselam/profil/spieler/37216,48,9
/lorenzo-de-silvestri/profil/spieler/33571,276,31
/kevin-muller/profil/spieler/43824,44,6
/facundo-roncaglia/profil/spieler/61546,119,15
/dominic-calvert-lewin/profil/spieler/306024,122,12
/remi-matthews/profil/spieler/196722,92,14
/nayef-aguerd/profil/spieler/361914,0,0
/billy-jones/profil/spieler/36866,196,24
/wilfried-kanga/profil/spieler/395523,0,0
/filipe-melo/profil/spieler/134580,272,45
/mike-maignan/profil/spieler/182906,113,19
/nicky-beloko/profil/spieler/382774,0,0
/riccardo-meggiorini/profil/spieler/28936,315,37
/karim-benzema/profil/spieler/18922,244,40
/emmanuel-mas/profil/spieler/77153,6,0
/damian-szymanski/profil/spieler/259881,159,20
/diego-mercado/profil/spieler/556049,0,0
/bernardo/profil/spieler/364258,86,11
/emanuel-taffertshofer/profil/spieler/196785,40,6
/mathias-jensen/profil/spieler/319859,157,23
/edin-visca/profil/spieler/109217,119,21
/ramon-azeez/profil/spieler/131667,84,11
/cris/profil/spieler/24946,69,12
/luke-steele/profil/spieler/3539,0,0
/niklas-moisander/profil/spieler/5017,353,60
/abdoulay-diaby/profil/spieler/148396,156,20
/dmitri-stotskiy/profil/spieler/124700,0,0
/mats-hummels/profil/spieler/39728,77,11
/wesley-hoolahan/profil/spieler/24589,0,0
/michael-breij/profil/spieler/258511,0,0
/matias-romero/profil/spieler/605721,0,0
/mike-havekotte/profil/spieler/206743,0,0
/abdon-prats/profil/spieler/177452,17,2
/nejc-skubic/profil/spieler/91434,13,3
/jordan-harvey/profil/spieler/39354,31,7
/thomas-monconduit/profil/spieler/127182,0,0
/nordi-mukiele/profil/spieler/348026,0,0
/jeremiah-gutjahr/profil/spieler/402838,0,0
/pol-lirola/profil/spieler/298975,135,15
/bekim-balaj/profil/spieler/99137,16,2
/diego-demme/profil/spieler/82070,109,9
/edgar-prib/profil/spieler/60028,808,92
/toni-kroos/profil/spieler/31909,199,38
/wilfrid-kaptoum/profil/spieler/256120,565,70
/alhassane-keita/profil/spieler/197734,0,0
/sokratis/profil/spieler/34322,65,12
/radosav-petrovic/profil/spieler/75296,63,11
/kevin-mac-allister/profil/spieler/428920,120,0
/tim-skarke/profil/spieler/287920,69,10
/fernando-godoy/profil/spieler/130452,6,1
/ismail-koybasi/profil/spieler/74641,766,98
/ola-kamara/profil/spieler/62067,86,10
/george-byers/profil/spieler/240083,0,0
/roland-sallai/profil/spieler/332798,193,24
/tyrone-mears/profil/spieler/14050,331,53
/victor-laguardia/profil/spieler/67080,785,71
/alexander-gonzalez/profil/spieler/147562,106,14
/serkan-kirintili/profil/spieler/16058,111,18
/emiliano-moretti/profil/spieler/5755,66,12
/chung-yong-lee/profil/spieler/81801,426,79
/daniel-butterworth/profil/spieler/478637,0,0
/shamit-shome/profil/spieler/423445,69,9
/michael-barrios/profil/spieler/313286,25,3
/jimmy-durmaz/profil/spieler/80205,114,24
/vedat-muriqi/profil/spieler/256267,0,0
/santiago-mosquera/profil/spieler/490621,52,7
/raheem-sterling/profil/spieler/134425,66,12
/bjorn-engels/profil/spieler/193469,546,99
/vyacheslav-podberezkin/profil/spieler/207528,195,15
/senad-lulic/profil/spieler/61449,320,51
/jimmy-maurer/profil/spieler/183337,0,0
/jalil-elias/profil/spieler/376859,0,0
/joaquin-varela/profil/spieler/553421,0,0
/nicolo-zaniolo/profil/spieler/392085,0,0
/marcelo-mino/profil/spieler/508135,0,0
/roy-beerens/profil/spieler/25427,320,34
/giannelli-imbula/profil/spieler/130756,10,1
/danil-stepanov/profil/spieler/456182,0,0
/marcelo-saracchi/profil/spieler/373916,45,9
/ryo-miyaichi/profil/spieler/129688,1207,121
/patrik-schick/profil/spieler/242086,106,19
/pierluigi-gollini/profil/spieler/244192,0,0
/federico-fazio/profil/spieler/45314,103,25
/jay-roy-grot/profil/spieler/360517,28,4
/matias-kranevitter/profil/spieler/240900,0,0
/andres-ponce/profil/spieler/308256,29,4
/denis-odoi/profil/spieler/59641,7,2
/manuel-lazzari/profil/spieler/331401,39,6
/darren-potter/profil/spieler/22231,0,0
/rurik-gislason/profil/spieler/15961,238,33
/james-igbekeme/profil/spieler/375849,21,3
/erik-lamela/profil/spieler/111630,604,90
/pascal-testroet/profil/spieler/53521,530,73
/lorenzo-melgarejo/profil/spieler/127822,49,8
/gaston-pereiro/profil/spieler/264116,4,1
/florian-carstens/profil/spieler/334543,0,0
/roman-martinez/profil/spieler/53134,0,0
/alex-lopez/profil/spieler/166674,0,0
/tomas-cardona/profil/spieler/422700,0,0
/georgi-melkadze/profil/spieler/281552,32,4
/hector-verdes/profil/spieler/57954,43,3
/vicente-gomez/profil/spieler/153236,157,10
/marcin-kaminski/profil/spieler/129358,70,11
/boulaye-dia/profil/spieler/626913,0,0
/moussa-diaby/profil/spieler/395516,0,0
/javier-mascherano/profil/spieler/19981,219,37
/keinan-davis/profil/spieler/412660,0,0
/joe-newell/profil/spieler/185342,0,0
/saman-ghoddos/profil/spieler/204294,35,5
/anthony-jackson-hamel/profil/spieler/333093,13,2
/mert-gunok/profil/spieler/51894,63,10
/diego-capel/profil/spieler/27471,151,19
/elias-pereyra/profil/spieler/576027,0,0
/andrea-petagna/profil/spieler/199258,0,0
/agustin-heredia/profil/spieler/570420,0,0
/david-texeira/profil/spieler/143182,127,31
/karim-rekik/profil/spieler/182579,281,72
