link,nationality,minutes,agent
/max-clark/profil/spieler/183291,England,0,KIN
/sergio-postigo/profil/spieler/158791,Spain,0,JPA Soccer
/stanislav-iljutcenko/profil/spieler/191292,Russia,0,Coaches & More GmbH
/ivan-marcone/profil/spieler/90451,Argentina,0,Christian Bragarnik
/florent-mollet/profil/spieler/222859,France,0,No agent
/juanpe/profil/spieler/115333,Spain,0,DRL
/alban-lafont/profil/spieler/357117,France,0,Relatives
/bruno-viana/profil/spieler/411838,Brazil,0,No agent
/emil-audero/profil/spieler/256339,Italy,836,TMP SOCCER srl
/christian-gentner/profil/spieler/19112,Germany,324,BMS Sportconsulting ...
/jordan-archer/profil/spieler/177952,Scotland,90,Unique Sports ...
/afonso-figueiredo/profil/spieler/237000,Portugal,30,PromoSport
/everton-luiz/profil/spieler/75076,Brazil,0,Attacantti Sports ...
/trent-alexander-arnold/profil/spieler/314353,England,316,Raps Management
/dominique-badji/profil/spieler/354840,Senegal,0,No agent
/shkodran-mustafi/profil/spieler/88590,Germany,1431,Family & Football
/lazar-rosic/profil/spieler/198053,Serbia,0,No agent
/matheus-cunha/profil/spieler/517894,Brazil,0,No agent
/orji-okwonkwo/profil/spieler/401935,Nigeria,0,Wonder Sports
/gwion-edwards/profil/spieler/192766,Wales,0,Base Soccer Agency ...
/abdullah-durak/profil/spieler/82713,Turkey,161,CMF Sports
/ricardo-ryller/profil/spieler/349443,Brazil,0,BLB SPORTS
/elson-hooi/profil/spieler/229228,Curacao,0,LJ Sports & ...
/evgeni-chernov/profil/spieler/187024,Russia,0,FM Sports Agency
/warner-hahn/profil/spieler/111180,Netherlands,1078,Forza Sports Group
/alex-blanco/profil/spieler/328914,Spain,0,AC Talent
/julian-gressel/profil/spieler/229640,Germany,0,Stellar Football Ltd
/domenico-criscito/profil/spieler/44136,Italy,1717,PDP s.r.l.  ...
/alexander-milosevic/profil/spieler/171376,Sweden,490,MILOGO MENADZMENT
/jordan-lefort/profil/spieler/192492,France,0,No agent
/fernando-zampedri/profil/spieler/104006,Argentina,0,GISMAN-The ...
/deklan-wynne/profil/spieler/298228,New Zealand,1176,Base Soccer Agency ...
/jordan-henderson/profil/spieler/61651,England,3382,No agent
/kamil-zakirov/profil/spieler/494353,Russia,0,Hawk Football
/niko-giesselmann/profil/spieler/72792,Germany,0,SMG GmbH
/thomas-roberts/profil/spieler/513967,United States,0,WMG
/jan-zamburek/profil/spieler/487924,Czech Republic,0,No agent
/robin-bormuth/profil/spieler/283286,Germany,0,D+R Dahm Richter ...
/jordan-torunarigha/profil/spieler/227110,Germany,242,ROGON
/mile-jedinak/profil/spieler/28336,Australia,5641,Playmaker Football ...
/tyrone-mings/profil/spieler/253677,England,0,Key Sports ...
/john-mcginn/profil/spieler/193116,Scotland,799,No agent
/diogo-jota/profil/spieler/340950,Portugal,0,Gestifute
/omir-fernandez/profil/spieler/467271,United States,0,No agent
/gonzalo-escalante/profil/spieler/266795,Argentina,0,No agent
/nicolas-blandi/profil/spieler/153022,Argentina,0,BBC Management GmbH
/danny-bakker/profil/spieler/250440,Netherlands,250,Wasserman ...
/charles/profil/spieler/154059,Brazil,0,CONACTA INC
/leandro-fernandez/profil/spieler/131840,Argentina,0,No agent
/igor-akinfeev/profil/spieler/15570,Russia,9649,not clarified
/andre-shinyashiki/profil/spieler/636331,Brazil,0,Octagon
/jake-cooper/profil/spieler/243603,England,90,No agent
/neymar/profil/spieler/68290,Brazil,8022,Relatives
/pierre-emerick-aubameyang/profil/spieler/58864,Gabon,4028,Relatives
/serdar-dursun/profil/spieler/80059,Germany,0,NOACK SPORTS GmbH
/valon-behrami/profil/spieler/21905,Switzerland,5835,LIAN SPORTS
/cristian-herrera/profil/spieler/237617,Spain,0,Pedro Bravo - ...
/kalindi/profil/spieler/379377,Brazil,0,PromoSport
/lorenzo-tonelli/profil/spieler/111347,Italy,0,Football Now Limited
/enzo-zidane/profil/spieler/106825,France,0,No agent
/kevin-trapp/profil/spieler/45672,Germany,270,No agent
/serhou-guirassy/profil/spieler/270541,France,414,Relatives
/kerem-demirbay/profil/spieler/125858,Germany,91,arena11 sports group
/bulent-cevahir/profil/spieler/147518,Turkey,239,Golden Foot ...
/juan-aguilera/profil/spieler/75820,Spain,0,Bahía Internacional
/josete/profil/spieler/77037,Spain,0,JV SPORTS SL
/moreno-rutten/profil/spieler/187296,Netherlands,0,Soccer-Solutions
/jeff-attinella/profil/spieler/179323,United States,0,No agent
/ozan-kabak/profil/spieler/361260,Turkey,0,F-F SPORT
/laszlo-benes/profil/spieler/243188,Slovakia,1,Stars & Friends
/ishak-belfodil/profil/spieler/111039,Algeria,670,Relatives
/mauro-cerqueira/profil/spieler/352847,Portugal,0,KVD Player Agency
/mario-rui/profil/spieler/87884,Portugal,523,M.A.R.A.T. Football ...
/terence-kongolo/profil/spieler/152651,Netherlands,160,Wasserman ...
/pavel-yakovlev/profil/spieler/63170,Russia,0,SA-Football Agency
/nicola-sansone/profil/spieler/82048,Italy,49,TMP SOCCER srl
/marc-cucurella/profil/spieler/284857,Spain,415,EMG Mundial
/jan-ingwer-callsen-bracker/profil/spieler/3851,Germany,224,Robert Schneider
/clement-lenglet/profil/spieler/182904,France,0,firsteleven ISM
/jonathan-de-guzman/profil/spieler/31067,Netherlands,801,Juzzt Football
/dario-benedetto/profil/spieler/92693,Argentina,257,Christian Bragarnik
/marcelo-goiano/profil/spieler/248903,Brazil,0,PromoSport
/sergio-gil/profil/spieler/255994,Spain,0,Eleven Talent Group
/ramon-abila/profil/spieler/88049,Argentina,0,Relatives
/yohan-croizet/profil/spieler/195910,France,0,J&S International
/calogero-rizzuto/profil/spieler/93753,Germany,0,Sportagentur Lokurlu
/aleksandr-samedov/profil/spieler/15076,Russia,3495,No agent
/darron-gibson/profil/spieler/42413,Ireland,0,No agent
/serhii-rybalka/profil/spieler/81649,Ukraine,540,16 Football Agency
/martin-chrien/profil/spieler/252712,Slovakia,0,IFManagement
/jorge-pulido/profil/spieler/67546,Spain,224,no agent
/claudio-yacob/profil/spieler/45330,Argentina,104,InterLex Sport
/nicolas-aguirre/profil/spieler/88166,Argentina,0,no agent
/lautaro-gianetti/profil/spieler/225963,Argentina,90,Dodici
/bruno-ecuele-manga/profil/spieler/60990,Gabon,5250,Relatives
/oliver-mcburnie/profil/spieler/298477,Scotland,341,Stellar Football Ltd
/ferhat-kaplan/profil/spieler/93104,Turkey,19,Foot & Ball
/fallou-diagne/profil/spieler/82389,Senegal,207,arena11 sports group
/aissa-mandi/profil/spieler/80293,Algeria,3862,Soccertalents
/aaron-seydel/profil/spieler/187499,Germany,211,PRO Profil GmbH
/maximiliano-gomez/profil/spieler/396894,Uruguay,160,Stellar Football Ltd
/yuri-gazinskiy/profil/spieler/159957,Russia,1199,No agent
/nicolas-benezet/profil/spieler/164230,France,0,MARNEB INTERNATIONAL
/john-goossens/profil/spieler/35527,Netherlands,259,EFM International
/ruud-boffin/profil/spieler/31336,Belgium,0,11one
/tomas-hubocan/profil/spieler/63252,Slovakia,4939,Stars & Friends
/nick-kuipers/profil/spieler/159032,Netherlands,0,Eden Sports Group
/papiss-demba-cisse/profil/spieler/33952,Senegal,2327,No agent
/ben-amos/profil/spieler/73472,England,225,Omni-Sports
/nikola-maras/profil/spieler/258475,Serbia,180,Seven stars
/yann-aurel-bisseck/profil/spieler/441986,Germany,585,ROGON
/yeray-alvarez/profil/spieler/255488,Spain,0,No agent
/ivan-gomez/profil/spieler/459318,Argentina,0,GM Sports Management
/iker-casillas/profil/spieler/3979,Spain,13444,380amk
/maximilian-jansen/profil/spieler/149209,Germany,0,VIDA Sports GmbH
/dominik-baumgartner/profil/spieler/206906,Austria,0,GRASS IS GREEN
/niki-jackson/profil/spieler/544390,United States,0,No agent
/mathias-suarez/profil/spieler/294895,Uruguay,191,not clarified
/nikola-stojiljkovic/profil/spieler/113504,Serbia,147,No agent
/jordan-teze/profil/spieler/364245,Netherlands,90,No agent
/nikola-vukcevic/profil/spieler/151470,Montenegro,2718,Gestifute
/asier-illarramendi/profil/spieler/59344,Spain,224,Bahía Internacional
/claudio-marchisio/profil/spieler/44716,Italy,3976,Relatives
/iddrisu-baba/profil/spieler/442805,Ghana,0,JJ SPORT MANAGERS SL
/kristoffer-olsson/profil/spieler/193592,Sweden,547,NSKY
/ilzat-akhmetov/profil/spieler/334440,Russia,162,TBSportmarketing ...
/lucas-digne/profil/spieler/126664,France,1429,Beckster SPRL
/ravanelli/profil/spieler/390370,Brazil,0,Elenko Sports Ltda.
/lionel-messi/profil/spieler/28003,Argentina,10583,Relatives
/raul-albiol/profil/spieler/15452,Spain,4232,Manuel García ...
/rodrigo-brana/profil/spieler/56001,Argentina,481,No agent
/josh-sargent/profil/spieler/393325,United States,236,WMG
/gonzalo-castellani/profil/spieler/87840,Argentina,0,Monte Areo Sports
/dominik-kohr/profil/spieler/118847,Germany,75,SportsTotal
/timur-zhamaletdinov/profil/spieler/315557,Russia,0,FM Sports Agency
/pawel-jaroszynski/profil/spieler/287600,Poland,0,Sport Events s.r.l
/rani-khedira/profil/spieler/124410,Germany,0,NGM SPORTS
/lisandro-martinez/profil/spieler/480762,Argentina,45,No agent
/ahmed-ildiz/profil/spieler/226169,Turkey,226,Sports United GmbH
/erick-cabaco/profil/spieler/302991,Uruguay,0,InterStarDeporte
/salih-dursun/profil/spieler/176961,Turkey,0,SEG
/rouwen-hennings/profil/spieler/16311,Germany,1211,T21plus
/javier-manquillo/profil/spieler/162029,Spain,0,Stellar Football Ltd
/vincent-manceau/profil/spieler/83132,France,0,GROUPE USM
/adis-jahovic/profil/spieler/98536,North Macedonia,740,Nianelli Sport
/tom-carroll/profil/spieler/121279,England,1295,No agent
/jonathan-biabiany/profil/spieler/45567,France,0,Branchini Associati ...
/nahuel-molina/profil/spieler/424042,Argentina,447,No agent
/jonas-martin/profil/spieler/127142,France,0,No agent
/marlon-ritter/profil/spieler/151636,Germany,0,KL Sportsbase
/ayoub-el-kaabi/profil/spieler/521127,Morocco,425,No agent
/adam-smith/profil/spieler/61841,England,794,Stellar Football Ltd
/chris-lowe/profil/spieler/55125,Germany,0,ISMG International
/sem-steijn/profil/spieler/593519,Netherlands,0,Agent is known - player under 18
/alex-telles/profil/spieler/255755,Brazil,90,Relatives
/jorrit-hendrix/profil/spieler/205004,Netherlands,25,SEG
/marco-asensio/profil/spieler/296622,Spain,1226,Horacio Gaggioli
/timo-baumgartl/profil/spieler/187491,Germany,1133,Kögl & Partner GmbH
/javi-fuego/profil/spieler/56134,Spain,0,Eugenio Botas ...
/joao-teixeira/profil/spieler/182710,Portugal,11,Gestifute
/facundo-piriz/profil/spieler/148607,Uruguay,0,Oscar Bentancourt
/younes-namli/profil/spieler/227039,Denmark,0,Forza Sports Group
/arturo-calabresi/profil/spieler/240897,Italy,255,Samii ...
/niklas-sule/profil/spieler/166601,Germany,1253,Karlheinz Förster
/kyle-bartley/profil/spieler/67421,England,0,Stellar Football Ltd
/ryan-manning/profil/spieler/262300,Ireland,0,Red6 Sports ...
/omar-browne/profil/spieler/189523,Panama,169,No agent
/sergey-petrov/profil/spieler/102581,Russia,169,Pavel Andreev
/ezequiel-unsain/profil/spieler/337600,Argentina,0,No agent
/pele/profil/spieler/99189,Guinea-Bissau,446,Ulisses Santos - ...
/fabio-quagliarella/profil/spieler/22328,Italy,1148,AGB Sport Management
/mubarak-wakaso/profil/spieler/45639,Ghana,3196,not clarified
/lionn/profil/spieler/75116,Brazil,0,no agent
/gaston-bojanich/profil/spieler/357337,Argentina,0,No agent
/rodrigo-de-paul/profil/spieler/255901,Argentina,196,not clarified
/bruno-martins-indi/profil/spieler/112052,Netherlands,2698,Juzzt Football
/pierrick-capelle/profil/spieler/214532,France,0,No agent
/jonathan-osorio/profil/spieler/260807,Canada,1386,Beswicks Sports Ltd
/giorgi-papunashvili/profil/spieler/214259,Georgia,401,Levan Zukhbaia
/lukas-gugganig/profil/spieler/164142,Austria,0,ROGON
/drew-moor/profil/spieler/39503,United States,450,WMG
/julian-brandt/profil/spieler/187492,Germany,874,Relatives
/denis-thomalla/profil/spieler/94030,Germany,0,Haspel ...
/sergio-ramos/profil/spieler/25557,Spain,12686,Relatives
/giorgi-aburjania/profil/spieler/186848,Georgia,629,Promoesport
/nathan-byrne/profil/spieler/121276,England,0,World in Motion
/faycal-fajr/profil/spieler/174344,Morocco,1753,Ben Kouider Group
/richonell-margaret/profil/spieler/465326,Netherlands,0,Stellar Football Ltd
/guilherme-oliveira/profil/spieler/257369,Portugal,0,IDOLOÁSIS
/artem-rebrov/profil/spieler/15680,Russia,44,SA-Football Agency
/yohan-benalouane/profil/spieler/50477,Tunisia,241,no agent
/milton-alvarez/profil/spieler/526527,Argentina,0,No agent
/johan-blomberg/profil/spieler/107539,Sweden,0,Samii ...
/diego-valoyes/profil/spieler/413983,Colombia,0,Alinea
/milan-lukac/profil/spieler/47024,Serbia,1,Dynamic Agency
/sven-michel/profil/spieler/186988,Germany,0,Karl M. Herzog ...
/jannik-dehm/profil/spieler/211671,Germany,165,DC International ...
/james-milner/profil/spieler/3333,England,3469,Samii ...
/miguel-veloso/profil/spieler/43848,Portugal,3647,Gestifute
/cristian-ansaldi/profil/spieler/55854,Argentina,359,M.S.C. Management
/fabian-henriquez/profil/spieler/400611,Argentina,0,No agent
/ruben-duarte/profil/spieler/177046,Spain,703,Promoesport
/nildo-petrolina/profil/spieler/158427,Brazil,0,International Foot
/emiliano-velazquez/profil/spieler/189458,Uruguay,90,JCRsport
/chris-basham/profil/spieler/52495,England,0,Omni-Sports
/maciej-wilusz/profil/spieler/42109,Poland,215,INNfootball
/gerard-moreno/profil/spieler/177467,Spain,0,YOU FIRST SPORTS
/ciro-rius/profil/spieler/101875,Argentina,0,No agent
/nikolay-markov/profil/spieler/89088,Russia,0,No agent
/zelimkhan-bakaev/profil/spieler/279242,Russia,743,no agent
/maxime-le-marchand/profil/spieler/60558,France,0,S-C&M
/john-guidetti/profil/spieler/98596,Sweden,1125,HCM Sports ...
/antonis-aidonis/profil/spieler/405674,Germany,175,Agent is known - player under 18
/assil-jaziri/profil/spieler/633398,Tunisia,0,Sport Profile
/guilherme/profil/spieler/55369,Russia,448,no agent
/alfredo-morales/profil/spieler/58500,United States,543,ROGON
/claudio-falcao/profil/spieler/437566,Brazil,0,Footinvest ...
/accioly/profil/spieler/56054,Brazil,0,No agent
/carlos-soler/profil/spieler/372246,Spain,0,Promoesport
/dani-schahin/profil/spieler/58437,Germany,0,EMG Mundial
/miguel-linares/profil/spieler/95504,Spain,0,No agent
/danil-lipovoy/profil/spieler/462988,Russia,717,No agent
/shawn-parker/profil/spieler/89659,Germany,63,100and10 ...
/alvaro-vadillo/profil/spieler/162074,Spain,0,YOU FIRST SPORTS
/stefan-johansen/profil/spieler/62008,Norway,3731,No agent
/iker-muniain/profil/spieler/54235,Spain,49,Jesus Medina Martin
/daniel-heuer-fernandes/profil/spieler/84993,Portugal,0,arena11 sports group
/jason-puncheon/profil/spieler/47995,England,0,Relatives
/cian-harries/profil/spieler/319300,Wales,0,No agent
/oliver-skipp/profil/spieler/406638,England,190,ARETÉ
/kylian-mbappe/profil/spieler/342229,France,2080,Relatives
/edimilson-fernandes/profil/spieler/247555,Switzerland,287,IFM
/kortney-hause/profil/spieler/233124,England,758,Coda Independent ...
/minhoca/profil/spieler/194177,Portugal,0,FGA
/gersom-klok/profil/spieler/56325,Netherlands,0,No agent
/georgios-tzavellas/profil/spieler/42942,Greece,2158,Relatives
/david-costas/profil/spieler/276111,Spain,65,YOU FIRST SPORTS
/marcus-epps/profil/spieler/482646,United States,0,M&D Sport Managment
/odil-akhmedov/profil/spieler/63606,Uzbekistan,6605,prosm
/javier-gandolfi/profil/spieler/26242,Argentina,0,No agent
/daniel-salloi/profil/spieler/321946,Hungary,0,Stars & Friends
/chey-dunkley/profil/spieler/217094,Jamaica,0,No agent
/martin-hinteregger/profil/spieler/85789,Austria,3292,World in Motion
/erik-holt/profil/spieler/510344,United States,0,PRO FC
/tim-knipping/profil/spieler/185520,Germany,0,NOACK SPORTS GmbH
/ryad-boudebouz/profil/spieler/77826,Algeria,1237,Amc sport paris
/marek-hamsik/profil/spieler/38593,Slovakia,8790,CSM Agency
/luquinhas/profil/spieler/402825,Brazil,0,EUROFOOT BV
/branislav-ivanovic/profil/spieler/36827,Serbia,8682,Star Management ...
/florian-kruger/profil/spieler/317740,Germany,44,ROGON
/cameron-carter-vickers/profil/spieler/341049,United States,553,Sports Empire ...
/lewis-walker/profil/spieler/430801,England,0,No agent
/rui-patricio/profil/spieler/45026,Portugal,7179,Gestifute
/magomed-elmurzaev/profil/spieler/450282,Russia,0,No agent
/ivan-arboleda/profil/spieler/260740,Colombia,90,No agent
/alvaro-raton/profil/spieler/248551,Spain,0,Proneo Sports S.L.
/wesley-lautoa/profil/spieler/154199,France,0,No agent
/diogo-goncalves/profil/spieler/258015,Portugal,0,Gestifute
/tomas-rincon/profil/spieler/75942,Venezuela,7844,Go Pro Sport ...
/samuel-chukwueze/profil/spieler/401922,Nigeria,45,10Management
/simone-iacoponi/profil/spieler/59699,Italy,0,Football Company Srl
/oliver-sorg/profil/spieler/55114,Germany,82,ISMG International
/marcos-acuna/profil/spieler/60410,Argentina,908,MVP Group
/xadas/profil/spieler/345345,Portugal,313,Relatives
/nicola-dalmonte/profil/spieler/301237,Italy,259,P&P Sport ...
/lennart-thy/profil/spieler/23553,Germany,0,EMG Mundial
/juan-andrada/profil/spieler/457212,Argentina,0,No agent
/jan-moravek/profil/spieler/63022,Czech Republic,72,MSG-Agency
/nicolas-domingo/profil/spieler/39150,Argentina,0,Sivori & Asociados ...
/kevin-kampl/profil/spieler/53418,Slovenia,2244,MR Sport Management ...
/kofi-opare/profil/spieler/256357,United States,0,no agent
/mitchell-dijks/profil/spieler/187245,Netherlands,0,ESA Soccer
/gotoku-sakai/profil/spieler/103310,Japan,2958,Sven Jäger & Guido ...
/vlad-chiriches/profil/spieler/123261,Romania,4678,Pietro Chiodi ...
/artur-nigmatullin/profil/spieler/70074,Russia,0,ESA
/romain-thomas/profil/spieler/57467,France,0,Sport Profile
/derrick-luckassen/profil/spieler/241457,Netherlands,0,Mino Raiola
/oscar-trejo/profil/spieler/30321,Argentina,0,Eleven Talent Group
/dominik-reimann/profil/spieler/238722,Germany,180,Coaches & More GmbH
/moataz-zemzemi/profil/spieler/422893,Tunisia,0,Relatives
/nils-roseler/profil/spieler/47740,Germany,0,Bigpoint
/tomer-hemed/profil/spieler/112668,Israel,2071,Stellar Football Ltd
/olivier-boscagli/profil/spieler/318508,France,428,No agent
/tristan-dekker/profil/spieler/315124,Netherlands,44,Juzzt Football
/jan-kral/profil/spieler/358132,Czech Republic,0,Harry Schiestl
/jovane-cabral/profil/spieler/448466,Cape Verde,5,Invictus Team
/alex-ferrari/profil/spieler/197491,Italy,0,Francesco Romano
/marwin-reuvers/profil/spieler/470910,Netherlands,0,Supervision ...
/ayo-akinola/profil/spieler/370979,United States,738,No agent
/alessandro-murgia/profil/spieler/289061,Italy,724,Alessandro Lucci - ...
/daniel-didavi/profil/spieler/57995,Germany,200,Karlheinz Förster
/andrey-lunev/profil/spieler/112541,Russia,630,No agent
/ilkay-gundogan/profil/spieler/53622,Germany,1797,Family & Football
/dani-parejo/profil/spieler/59561,Spain,85,AC Talent
/sandro-wagner/profil/spieler/39743,Germany,444,Rummenigge Sport ...
/nikola-vlasic/profil/spieler/293200,Croatia,215,StarFactory
/svante-ingelsson/profil/spieler/321079,Sweden,0,Global Soccer ...
/yannick-stark/profil/spieler/49737,Germany,0,Karl M. Herzog ...
/pablo-mari/profil/spieler/210178,Spain,0,AC Talent
/rui-silva/profil/spieler/234811,Portugal,0,Soccer ProMaster
/gedion-zelalem/profil/spieler/228370,United States,107,Key Sports ...
/thijmen-goppel/profil/spieler/342240,Netherlands,0,Juzzt Football
/nolan-mbemba/profil/spieler/276768,France,0,No agent
/frank-acheampong/profil/spieler/157160,Ghana,1330,LionShare
/sebastian-palacios/profil/spieler/262861,Argentina,0,Monte Areo Sports
/tono/profil/spieler/125931,Spain,0,Promoesport
/boubacar-kamara/profil/spieler/394327,France,180,Samii ...
/felix-eboa-eboa/profil/spieler/296359,Cameroon,44,Relatives
/molla-wague/profil/spieler/129893,Mali,2380,Base Soccer Agency ...
/eric-dier/profil/spieler/175722,England,2667,Sbsfoot
/tate-schmitt/profil/spieler/637658,United States,0,Octagon
/robert-leipertz/profil/spieler/119120,Germany,0,SEG
/stiven-mendoza/profil/spieler/131101,Colombia,0,ISMA
/arturo-mina/profil/spieler/263628,Ecuador,1488,Bucket Group
/andre-claro/profil/spieler/86804,Portugal,0,Super Stadium
/lucas-tousart/profil/spieler/353948,France,1292,Sigma Foot
/josue/profil/spieler/72772,Portugal,126,Proeleven Gestão ...
/alejandro-pozuelo/profil/spieler/188853,Spain,0,Promoesport
/sergio-floccari/profil/spieler/30638,Italy,0,Vigo Global Sport ...
/ionut-radu/profil/spieler/303657,Romania,0,Oscar Damiani
/abdou-traore/profil/spieler/42941,Burkina Faso,2338,Foot & Ball
/marc-andre-ter-stegen/profil/spieler/74857,Germany,1719,Coaches & More GmbH
/damian-batallini/profil/spieler/421998,Argentina,0,No agent
/alireza-jahanbakhsh/profil/spieler/213268,Iran,2428,AFFG/Wasserman
/ademola-lookman/profil/spieler/406040,England,631,Elite Project Group ...
/rajko-rotman/profil/spieler/100303,Slovenia,895,Rabona Sports
/michael-murillo/profil/spieler/354482,Panama,2473,Futbol Consultants ...
/platiny/profil/spieler/248901,Brazil,0,PromoSport
/kekuta-manneh/profil/spieler/253053,United States,0,WMG
/said-benrahma/profil/spieler/290532,Algeria,96,W.Egal O.S.F.M.
/daryl-murphy/profil/spieler/31312,Ireland,0,No agent
/anwar-el-ghazi/profil/spieler/183720,Netherlands,159,Gestifute
/mickey-van-der-hart/profil/spieler/207048,,0,No agent
/jordan-morris/profil/spieler/337807,United States,1068,James Grant Sports ...
/clinton-njie/profil/spieler/241119,Cameroon,1604,not clarified
/santi-comesana/profil/spieler/380598,Spain,0,F.J.VILLAVERDE
/onur-ayik/profil/spieler/52006,Turkey,0,Relatives
/rodrigo-battaglia/profil/spieler/89297,Argentina,180,not clarified
/ih-yeong-park/profil/spieler/307397,"Korea, South",0,Sports United GmbH
/welinton/profil/spieler/95152,Brazil,0,Marcio Bittencourt ...
/antonio-mirante/profil/spieler/22141,Italy,0,GG11 s.r.l.
/dominic-samuel/profil/spieler/203784,England,120,Base Soccer Agency ...
/dogukan-sinik/profil/spieler/370833,Turkey,122,Life Football
/mikhail-ignatov/profil/spieler/419672,,0,No agent
/orel-mangala/profil/spieler/289592,Belgium,0,M-Soccermanagement
/nils-butzen/profil/spieler/151105,Germany,0,Stars & Friends
/steffen-schafer/profil/spieler/119291,Germany,0,No agent
/luca-sangalli/profil/spieler/289286,Spain,0,No agent
/tommy-elphick/profil/spieler/37152,England,0,Volenti
/salvatore-sirigu/profil/spieler/25508,Italy,1552,Carlo Pallavicino
/ander-capa/profil/spieler/197545,Spain,0,No agent
/pablo-valcarce/profil/spieler/365313,Spain,0,Sports and ...
/georgi-zotov/profil/spieler/113235,Russia,0,Relatives
/christian-fernandez/profil/spieler/48294,Spain,0,Football Promotions ...
/djordje-mihailovic/profil/spieler/484756,United States,125,No agent
/juan-foyth/profil/spieler/480763,Argentina,180,Primotempo
/eder/profil/spieler/37418,Italy,1529,TMP SOCCER srl
/diogo-leite/profil/spieler/357156,Portugal,373,Onsoccer
/kyle-vassell/profil/spieler/293002,Northern Ireland,32,Elite Management ...
/laurent-ciman/profil/spieler/22338,Belgium,1493,no agent
/kik-pierie/profil/spieler/361207,Netherlands,787,Soccer Vision BV
/richard-magyar/profil/spieler/148727,Sweden,0,Global Soccer ...
/arthur/profil/spieler/362842,Brazil,479,No agent
/vincent-laurini/profil/spieler/94936,France,0,M.A.R.A.T. Football ...
/danilo-silva/profil/spieler/61952,Brazil,0,DBSports
/osvaldo-alonso/profil/spieler/62810,Cuba,1261,SR All Stars
/tobias-mohr/profil/spieler/153661,Germany,0,KL Sportsbase
/hee-chan-hwang/profil/spieler/292246,"Korea, South",0,Sports United GmbH
/lautaro-guzman/profil/spieler/626916,Argentina,0,No agent
/martin-skrtel/profil/spieler/24180,Slovakia,8383,Stars & Friends
/julian-pollersbeck/profil/spieler/228975,Germany,615,Rummenigge Sport ...
/deni-milosevic/profil/spieler/168163,Bosnia-Herzegovina,133,aidentity
/ze-luis/profil/spieler/134602,Cape Verde,846,FOOT EXPANSION
/mathias-normann/profil/spieler/257805,Norway,0,BHM Sports Agency
/timo-werner/profil/spieler/170527,Germany,1728,Karlheinz Förster
/ismael-quilez/profil/spieler/91360,Argentina,69,no agent
/beram-kayal/profil/spieler/44741,Israel,2595,Stellar Football Ltd
/valter-birsa/profil/spieler/26105,Slovenia,5528,P&P Sport ...
/alex-muyl/profil/spieler/413690,United States,0,No agent
/romain-genevois/profil/spieler/57525,Haiti,824,PRO PLAYERS ASSOCIES
/mohamed-elneny/profil/spieler/160438,Egypt,5626,Base Soccer Agency ...
/tom-davies/profil/spieler/314210,England,783,No agent
/sam-vines/profil/spieler/535282,United States,0,Octagon
/albert-rusnak/profil/spieler/43228,Slovakia,1073,Benchmark Sports ...
/enrique-borja/profil/spieler/417326,Paraguay,0,No agent
/marcus-thuram/profil/spieler/318528,France,506,No agent
/robert-andrich/profil/spieler/159088,Germany,27,teamplayer ...
/zac-macmath/profil/spieler/156300,United States,270,WMG
/sven-braken/profil/spieler/185400,Netherlands,0,Soccer-Solutions
/okechukwu-azubuike/profil/spieler/386126,Nigeria,26,not clarified
/michael-brouwer/profil/spieler/231650,Netherlands,0,No agent
/egor-baburin/profil/spieler/146918,Russia,450,prosm
/sadio-mane/profil/spieler/200512,Senegal,4520,arena11 sports group
/kristofer-kristinsson/profil/spieler/400174,Iceland,0,Total Football
/evens-joseph/profil/spieler/593320,France,0,MDC Advisors
/lukas-kubler/profil/spieler/93604,Germany,0,Coaches & More GmbH
/marvin-plattenhardt/profil/spieler/89592,Germany,476,Briem Soccer ...
/emerson-hyndman/profil/spieler/223047,United States,67,Stellar Football Ltd
/darwin-quintero/profil/spieler/55666,Colombia,479,EURODATA SPORT
/manuel-castro/profil/spieler/335984,Uruguay,0,No agent
/wilson-kamavuaka/profil/spieler/55512,DR Congo,0,MK Sport Consulting
/jese/profil/spieler/134936,Spain,114,Ginés Carvajal
/marco-dalessandro/profil/spieler/99232,Italy,544,GP Soccer and ...
/lucas-vazquez/profil/spieler/221316,Spain,301,Ginés Carvajal
/yekta-kurtulus/profil/spieler/63204,Turkey,97,Golden Foot ...
/raul-guti/profil/spieler/330352,Spain,0,No agent
/abdul-aziz-tetteh/profil/spieler/157003,Ghana,0,Fabryka Futbolu
/franck-evina/profil/spieler/336331,Cameroon,0,HMH Sportmanagement
/ruben-pena/profil/spieler/238868,Spain,0,No agent
/keagan-dolly/profil/spieler/234006,South Africa,1042,Siyavuma
/lewis-wing/profil/spieler/517286,England,0,SMI Sports ...
/federico-cartabia/profil/spieler/242548,Argentina,0,no agent
/isaac-hayden/profil/spieler/206225,England,189,No agent
/jack-butland/profil/spieler/128899,England,603,Triple S Sports
/michael-dawson/profil/spieler/9988,England,251,Mitchell Thomas
/aly-ghazal/profil/spieler/254981,Egypt,642,Base Soccer Agency ...
/martin-montoya/profil/spieler/68645,Spain,0,not clarified
/cristian-pavon/profil/spieler/373170,Argentina,386,Fernando Hidalgo
/alvaro-medran/profil/spieler/253839,Spain,44,ACRsoccer
/samba-sow/profil/spieler/89461,Mali,638,EuAgency
/alejandro-romero-gamarra/profil/spieler/355817,Paraguay,143,No agent
/oghenekaro-etebo/profil/spieler/409106,Nigeria,1387,DW Sports Management
/khaled-adenon/profil/spieler/39174,Benin,3741,H2C Sport Consulting
/michael-hefele/profil/spieler/102382,Germany,0,Haspel ...
/aatif-chahechouhe/profil/spieler/73480,Morocco,188,left foot 21
/ramon-pascal-lundqvist/profil/spieler/238084,Sweden,0,SEG
/nouha-dicko/profil/spieler/173750,Mali,90,Base Soccer Agency ...
/mustafa-akbas/profil/spieler/98113,Turkey,0,no agent
/marakis/profil/spieler/188669,Portugal,0,No agent
/cristian-chavez/profil/spieler/70132,Argentina,0,No agent
/lazar-markovic/profil/spieler/144303,Serbia,1493,Relatives
/maksim-semakin/profil/spieler/72165,Russia,0,No agent
/zian-flemming/profil/spieler/411537,Netherlands,0,Wasserman ...
/robert-strauss/profil/spieler/18068,Germany,0,henry hennig sports ...
/toni-lato/profil/spieler/320271,Spain,155,Toldra Consulting ...
/jack-grealish/profil/spieler/203460,England,420,Stellar Football Ltd
/tim-matavz/profil/spieler/50303,Slovenia,1911,World Soccer Consult
/albert-adomah/profil/spieler/83430,Ghana,775,ANTHONY FINNIGAN ...
/kiki/profil/spieler/270055,Portugal,0,SoccerSoul
/jake-nerwinski/profil/spieler/482612,United States,0,No agent
/eljif-elmas/profil/spieler/400489,North Macedonia,579,Relatives
/dimitri-payet/profil/spieler/37647,France,2101,No agent
/sven-ulreich/profil/spieler/40680,Germany,224,BMS Sportconsulting ...
/danilo-soares/profil/spieler/154396,Brazil,0,Marcus Marin
/robert-muhren/profil/spieler/186763,Netherlands,0,Martin van Ophuizen
/johnny-russell/profil/spieler/55494,Scotland,449,No agent
/henri-lansbury/profil/spieler/44794,England,780,No agent
/brandon-servania/profil/spieler/455979,United States,629,No agent
/jailson/profil/spieler/366948,Brazil,0,No agent
/britt-assombalonga/profil/spieler/186172,DR Congo,0,No agent
/conor-townsend/profil/spieler/146509,England,0,World in Motion
/ivan-markelov/profil/spieler/106569,Russia,0,Pavel Andreev
/marcelo/profil/spieler/52920,Brazil,0,SEG
/anton-shunin/profil/spieler/37549,Russia,88,Pavel Andreev
/mikel-san-jose/profil/spieler/52469,Spain,494,RMD Sport Manager
/jan-vertonghen/profil/spieler/43250,Belgium,9562,Juzzt Football
/eric-miller/profil/spieler/245315,United States,0,PRO FC
/kyle-duncan/profil/spieler/349699,United States,167,No agent
/emmanuel-iyoha/profil/spieler/314245,Germany,58,Oleg Chelemei
/romulo/profil/spieler/121756,Italy,0,Studio Assist & ...
/murat-cem-akpinar/profil/spieler/388913,Turkey,243,Asportsmanagement
/luca-plogmann/profil/spieler/335997,Germany,360,SAM SPORTS
/erwin-mulder/profil/spieler/56631,Netherlands,0,Louis Laros
/david-junca/profil/spieler/164055,Spain,0,Promoesport
/matias-caruzzo/profil/spieler/56573,Argentina,359,no agent
/vitor-goncalves/profil/spieler/194547,Portugal,95,Sferico Sports ...
/markel-susaeta/profil/spieler/54245,Spain,18,not clarified
/brice-samba/profil/spieler/191056,France,0,Meïssa N'diaye
/geronimo-rulli/profil/spieler/229604,Argentina,149,Samii ...
/andrej-kramaric/profil/spieler/46580,Croatia,2156,P&P Sport ...
/anaitz-arbilla/profil/spieler/71548,Spain,0,No agent
/alan/profil/spieler/73460,Brazil,0,CANGOO SOCCER
/benjamin-hubner/profil/spieler/52348,Germany,0,Soccertalk GmbH
/kevin-lankford/profil/spieler/338879,Germany,0,T21plus
/enis-hajri/profil/spieler/28735,Tunisia,0,m-one-s ...
/steve-mandanda/profil/spieler/23951,France,2462,S.C. Sports ...
/raul-navas/profil/spieler/142419,Spain,0,ELITE INTERNACIONAL ...
/adrien-thomasson/profil/spieler/215977,France,0,not clarified
/joshua-brenet/profil/spieler/207006,Netherlands,134,Muy Manero
/erick-pulgar/profil/spieler/215616,Chile,644,Fernando Felicevich
/nick-rimando/profil/spieler/39434,United States,1439,James Grant Sports ...
/lucas-villalba/profil/spieler/240913,Argentina,0,No agent
/simon-dawkins/profil/spieler/57488,Jamaica,1427,Velop4 Sports Ltd.
/vitus-eicher/profil/spieler/57796,Germany,0,PRO Profil GmbH
/fabian-ruiz/profil/spieler/350219,Spain,0,YOU FIRST SPORTS
/carlos-akapo/profil/spieler/225015,Equatorial Guinea,1074,YOU FIRST SPORTS
/niltinho/profil/spieler/271353,Brazil,0,Footinvest ...
/borys-tashchy/profil/spieler/138292,Ukraine,0,SEG
/aron-gunnarsson/profil/spieler/63821,Iceland,6365,Stellar Football Ltd
/william/profil/spieler/153207,Brazil,0,No agent
/toni-sunjic/profil/spieler/60790,Bosnia-Herzegovina,2692,Germania ...
/antonin-barak/profil/spieler/272261,Czech Republic,939,No agent
/callum-connolly/profil/spieler/308632,England,268,No agent
/joe-gomez/profil/spieler/256178,England,435,Key Sports ...
/junio/profil/spieler/520469,Brazil,0,Un1que football
/elhadji-pape-diaw/profil/spieler/410238,Senegal,90,no agent
/florian-thauvin/profil/spieler/184892,France,162,No agent
/miguel-luis/profil/spieler/357161,Portugal,581,No agent
/carlos-martinez/profil/spieler/58074,Spain,0,No agent
/yannis-ammour/profil/spieler/420782,France,0,No agent
/facundo-sanchez/profil/spieler/107523,Argentina,0,EUROPE SPORTS GROUP
/leo-stulac/profil/spieler/171159,Slovenia,61,AR Sport Management
/solly-march/profil/spieler/209212,England,148,ANTHONY FINNIGAN ...
/sebastian-griesbeck/profil/spieler/153555,Germany,0,Haspel ...
/lewis-dunk/profil/spieler/148153,England,90,Stellar Football Ltd
/bart-ramselaar/profil/spieler/326701,Netherlands,95,Prime SportBusiness
/roman-tugarev/profil/spieler/289643,Russia,112,FM Sports Agency
/vladimir-rykov/profil/spieler/117802,Russia,90,No agent
/greg-leigh/profil/spieler/201586,England,0,No agent
/costinha/profil/spieler/236886,Portugal,0,NCfoot
/alex-meret/profil/spieler/240414,Italy,0,P&P Sport ...
/joao-carvalho/profil/spieler/258005,Portugal,0,Gestifute
/ayoze-perez/profil/spieler/246968,Spain,0,InterLex Sport
/lukas-jutkiewicz/profil/spieler/33507,England,0,No agent
/mohammed-osman/profil/spieler/273431,Syria,282,Grand Stand
/jaakko-oksanen/profil/spieler/433893,Finland,0,NSKY
/oualid-el-hajjam/profil/spieler/283127,Morocco,261,not clarified
/taleb-tawatha/profil/spieler/60761,Israel,1267,Leaderbrock Sports
/jonathas/profil/spieler/58345,Brazil,0,Firstfute Football ...
/moryke-fofana/profil/spieler/240497,Cote d'Ivoire,0,ELITE CONSULTING ...
/adrian-calello/profil/spieler/55911,Argentina,0,HARDY M ...
/daniel-james/profil/spieler/319301,Wales,128,Stellar Football Ltd
/baris-ekincier/profil/spieler/383223,Azerbaijan,0,90 Minutes ...
/jack-robinson/profil/spieler/128909,England,729,Unique Sports ...
/kevin-mohwald/profil/spieler/94137,Germany,76,Karl M. Herzog ...
/christian-kouame/profil/spieler/337725,Cote d'Ivoire,0,Pagliari & Minieri ...
/mucahit-can-akcay/profil/spieler/315202,Turkey,0,Asportsmanagement
/mohamed-drager/profil/spieler/192167,Tunisia,124,Coaches & More GmbH
/joao-talocha/profil/spieler/205116,Portugal,0,Goodman Sports
/reto-ziegler/profil/spieler/9915,Switzerland,2408,Dierolf ...
/massimo-gobbi/profil/spieler/28020,Italy,14,Lorenzo Marronaro
/felix-wiedwald/profil/spieler/44594,Germany,0,Spielerrat GmbH
/diogo-verdasca/profil/spieler/225162,Portugal,0,PromoSport
/handwalla-bwana/profil/spieler/425824,Kenya,0,No agent
/jefferson-montero/profil/spieler/77932,Ecuador,3998,not clarified
/paddy-mcnair/profil/spieler/167268,Northern Ireland,1410,No agent
/nicolai-muller/profil/spieler/39426,Germany,12,arena11 sports group
/ignacio-piatti/profil/spieler/37433,Argentina,0,Nazareno Marcollese
/gustavo-sauer/profil/spieler/336158,Brazil,0,Marcio Bittencourt ...
/ezequiel-videla/profil/spieler/125889,Argentina,0,No agent
/alan-ruiz/profil/spieler/190442,Argentina,265,not clarified
/facundo-medina/profil/spieler/474800,Argentina,772,No agent
/bernard-tekpetey/profil/spieler/422380,Ghana,88,JB Sports Group GmbH
/angel-rangel/profil/spieler/66550,Spain,0,Base Soccer Agency ...
/clemente/profil/spieler/59372,Portugal,0,No agent
/maximilian-mittelstadt/profil/spieler/282660,Germany,302,SportsTotal
/ze-manuel/profil/spieler/113025,Portugal,0,FOOT EXPANSION
/iago-aspas/profil/spieler/72047,Spain,623,Promoesport
/antonino-barilla/profil/spieler/39828,Italy,491,Football Service
/issam-chebake/profil/spieler/332049,Morocco,0,not clarified
/dean-gerken/profil/spieler/42055,England,0,Volenti
/joaquin-laso/profil/spieler/360797,Argentina,0,No agent
/aleksandr-anyukov/profil/spieler/17749,Russia,6132,Pavel Andreev
/havard-nielsen/profil/spieler/136181,Norway,575,ISMG International
/osman-kakay/profil/spieler/419576,Sierra Leone,21,Unique Sports ...
/sebastian-ernst/profil/spieler/108198,Germany,0,T21plus
/erick-gutierrez/profil/spieler/298796,Mexico,812,CANTERA LATINA / ...
/idrissa-doumbia/profil/spieler/430579,Cote d'Ivoire,0,Nomi Sports
/dani-romera/profil/spieler/271451,Spain,0,Media Base Sports
/leandro-paiva/profil/spieler/269524,Uruguay,0,No agent
/leon-bailey/profil/spieler/387626,Jamaica,0,Phoenix Sports ...
/german-herrera/profil/spieler/32710,Argentina,0,M.S.C. Management
/thomas-delaney/profil/spieler/91849,Denmark,2639,people in sport
/tristan-nydam/profil/spieler/483545,England,60,Stellar Football Ltd
/pavel-kaloshin/profil/spieler/605627,Russia,0,No agent
/kurt-zouma/profil/spieler/157509,France,96,not clarified
/yussuf-poulsen/profil/spieler/157635,Denmark,2310,Essel sports ...
/lukas-hinterseer/profil/spieler/59054,Austria,348,GRASS IS GREEN
/sone-aluko/profil/spieler/42198,Nigeria,278,Match World Ltd
/alexander-buttner/profil/spieler/38003,Netherlands,0,World Soccer Consult
/alexandru-epureanu/profil/spieler/45340,Moldova,7259,iFootball
/nahuel-arena/profil/spieler/552629,Argentina,0,Relatives
/xisco-campos/profil/spieler/70946,Spain,0,GM Sports Management
/luis-robles/profil/spieler/47289,United States,225,Remington Cherin
/erik-zenga/profil/spieler/85961,Germany,791,ADTL ...
/martin-cranie/profil/spieler/27659,England,932,Unique Sports ...
/dries-saddiki/profil/spieler/370042,Netherlands,0,No agent
/aymeric-laporte/profil/spieler/176553,France,0,not clarified
/takashi-inui/profil/spieler/98249,Japan,1534,Sarcle Co. Ltd.
/richie-laryea/profil/spieler/417348,Canada,0,Axia Sports ...
/zanka/profil/spieler/52059,Denmark,1464,Boutique Transfers
/craig-noone/profil/spieler/81202,England,0,No agent
/dani-ceballos/profil/spieler/319745,Spain,441,Bahía Internacional
/alexandre-mendy/profil/spieler/290561,France,0,W.Egal O.S.F.M.
/douglas-luiz/profil/spieler/447661,Brazil,0,Carlos Leite
/borja-baston/profil/spieler/85324,Spain,0,Manuel García ...
/marvin-ducksch/profil/spieler/125103,Germany,0,arena11 sports group
/brent-kallman/profil/spieler/226643,United States,0,Topnotch Management
/marcelo-brozovic/profil/spieler/156617,Croatia,3277,Miroslav Bicanic
/casimir-ninga/profil/spieler/392810,Chad,270,Classico Sports ...
/kevin-gameiro/profil/spieler/27389,France,520,Team Spirit ...
/stijn-schaars/profil/spieler/4698,Netherlands,1151,Wasserman ...
/rodrigo-salinas/profil/spieler/125750,Argentina,0,Relatives
/alejo-montero/profil/spieler/649998,Argentina,0,No agent
/agustin-fontana/profil/spieler/345229,Argentina,0,Speeed AG
/paul-baysse/profil/spieler/43256,France,450,Gallea Gestion S.A
/oscar-cabezas/profil/spieler/514299,Colombia,0,Sebastian Eduardo ...
/mo-el-hankouri/profil/spieler/384587,Morocco,0,Juzzt Football
/andrew-hjulsager/profil/spieler/167798,Denmark,0,Relatives
/nuno-andre-coelho/profil/spieler/40858,Portugal,640,International Foot
/jay-chapman/profil/spieler/189032,Canada,70,Beswicks Sports Ltd
/fousseni-diabate/profil/spieler/364861,Mali,0,W.Egal O.S.F.M.
/gustavo-hamer/profil/spieler/322985,Netherlands,110,Wasserman ...
/tim-rieder/profil/spieler/111277,Germany,0,Atheneum Group
/samir-handanovic/profil/spieler/28021,Slovenia,6994,LIAN SPORTS
/juan-forlin/profil/spieler/53332,Argentina,0,No agent
/lyanco/profil/spieler/379807,Brazil,0,Pro Manager Sports ...
/sebastien-de-maio/profil/spieler/56830,France,0,BSM
/joe-bennett/profil/spieler/90964,England,196,Omni-Sports
/alisson/profil/spieler/105470,Brazil,3105,Football Capital
/fernandinho/profil/spieler/26267,Brazil,2860,No agent
/emanuel-iniguez/profil/spieler/542138,Argentina,0,No agent
/giovanni-zarfino/profil/spieler/208022,Uruguay,0,Football Spheric
/jorge-fellipe/profil/spieler/132060,Brazil,0,Baller 360º
/fedor-chalov/profil/spieler/287183,Russia,33,Base Soccer Agency ...
/wallace/profil/spieler/225335,Brazil,0,Gestifute
/mauricio-rosales/profil/spieler/251619,Argentina,0,No agent
/tom-edwards/profil/spieler/430788,England,225,Beswicks Sports Ltd
/andreas-cornelius/profil/spieler/203412,Denmark,1503,Players Promotion
/zaydou-youssouf/profil/spieler/471582,France,70,ESN
/nathaniel-mendez-laing/profil/spieler/125409,England,0,Fifteen Eleven ...
/charlie-lakin/profil/spieler/564048,England,0,Beswicks Sports Ltd
/nahuel-estevez/profil/spieler/552472,Argentina,0,No agent
/ruben-aguilar/profil/spieler/203746,France,0,No agent
/federico-valverde/profil/spieler/369081,Uruguay,514,No agent
/esteban-andrada/profil/spieler/105888,Argentina,67,M Sab
/dong-won-ji/profil/spieler/164265,"Korea, South",0,Apertura Sports GmbH
/stephane-sparagna/profil/spieler/289216,France,0,score agencies
/serginho/profil/spieler/40555,Portugal,0,No agent
/jan-philipp-kalla/profil/spieler/30985,Germany,0,Thomas Gottfried
/yoel-barcenas/profil/spieler/283473,Panama,1965,Dedra Football ...
/roger-espinoza/profil/spieler/71096,Honduras,3860,PROSPORT Management
/senou-coulibaly/profil/spieler/596240,France,0,No agent
/nacho-monreal/profil/spieler/43003,Spain,1545,Bahía Internacional
/alessandro-bastoni/profil/spieler/315853,Italy,0,TMP SOCCER srl
/aleksandr-kokorin/profil/spieler/89086,Russia,3332,not clarified
/jeremy-grimm/profil/spieler/56294,France,0,No agent
/anthony-forde/profil/spieler/146494,Ireland,0,ML-Players
/darko-lazovic/profil/spieler/70411,Serbia,359,Seven stars
/vasilije-janjicic/profil/spieler/265254,Switzerland,0,Relatives
/goncalo-cardoso/profil/spieler/587106,Portugal,180,Footconect Fma
/daniel-bessa/profil/spieler/140757,Italy,0,P&P Sport ...
/yoell-van-nieff/profil/spieler/187301,Netherlands,45,Fortitude Player ...
/luis-alberto/profil/spieler/128220,Spain,16,YOU FIRST SPORTS
/ayaz-guliev/profil/spieler/260672,Russia,1187,no agent
/aleksandr-martynovich/profil/spieler/59352,Belarus,5248,No agent
/neto/profil/spieler/291968,Brazil,0,No agent
/dax-mccarty/profil/spieler/39479,United States,516,WMG
/luther-singh/profil/spieler/387378,South Africa,45,IDOLOÁSIS
/zeki-erkilinc/profil/spieler/387218,Netherlands,0,No agent
/emmanuel-adebayor/profil/spieler/8883,Togo,4373,Darren Dein
/amin-younes/profil/spieler/96167,Germany,154,FSB – ...
/pasquale-schiattarella/profil/spieler/56762,Italy,0,Italian Managers ...
/emiliano-insua/profil/spieler/45599,Argentina,252,INSUA GROUP
/daniel-baier/profil/spieler/4018,Germany,13,Robert Schneider
/fabri/profil/spieler/45882,Spain,0,EURODATA SPORT
/jordy-de-wijs/profil/spieler/215096,Netherlands,0,Muy Manero
/hal-robson-kanu/profil/spieler/65976,Wales,2265,no agent
/thomas-fontaine/profil/spieler/80036,Madagascar,614,DC International ...
/joe-allen/profil/spieler/51452,Wales,3867,not clarified
/sam-johnson/profil/spieler/252062,Liberia,1132,Fortitude Player ...
/pirmin-schwegler/profil/spieler/14533,Switzerland,828,Sports United GmbH
/jony/profil/spieler/228761,Spain,0,YOU FIRST SPORTS
/wendel/profil/spieler/499721,Brazil,0,Pro Manager Sports ...
/claudemir/profil/spieler/68275,Brazil,0,Intergol B&S
/javi-galan/profil/spieler/448628,Spain,0,YOU FIRST SPORTS
/niklas-lomb/profil/spieler/85543,Germany,0,SportsTotal
/junior-sambia/profil/spieler/335147,France,0,No agent
/andrew-taylor/profil/spieler/29158,England,716,Key Sports ...
/fede-san-emeterio/profil/spieler/307519,Spain,0,Promoesport
/dani-calvo/profil/spieler/326416,Spain,0,No agent
/kevin-wimmer/profil/spieler/122675,Austria,445,Sports United GmbH
/juan-sanchez-mino/profil/spieler/169249,Argentina,0,EUROPE SPORTS GROUP
/gael-kakuta/profil/spieler/74297,DR Congo,0,Roger Boli
/facundo-almada/profil/spieler/639390,Argentina,0,Soccer Dreams
/david-mcgoldrick/profil/spieler/35416,Ireland,0,No agent
/dario-van-den-buijs/profil/spieler/235274,Belgium,0,11one
/mats-kohlert/profil/spieler/288067,Germany,135,Sports United GmbH
/antonio-barreca/profil/spieler/241889,Italy,0,Gr Sports
/andoni-gorosabel/profil/spieler/289255,Spain,0,No agent
/jules-keita/profil/spieler/402117,Guinea,0,No agent
/matthew-pennington/profil/spieler/220755,England,20,Key Sports ...
/emmanuel-ledesma/profil/spieler/62247,Argentina,0,Onfield Management
/immanuel-hohn/profil/spieler/77920,Germany,0,ISMG International
/federico-peluso/profil/spieler/21763,Italy,156,Pagliari & Minieri ...
/sergio-pellissier/profil/spieler/5928,Italy,28,Oscar Damiani
/christian-walton/profil/spieler/208379,England,90,Crown Football Ltd
/batuhan-artarslan/profil/spieler/237481,Turkey,174,B&B Sports ...
/ivan-novoseltsev/profil/spieler/231873,Russia,301,No agent
/callum-paterson/profil/spieler/169555,Scotland,723,No agent
/kieran-trippier/profil/spieler/95810,England,1267,Stellar Football Ltd
/ridgeciano-haps/profil/spieler/228444,Netherlands,90,Prof Partners ...
/mark-duffy/profil/spieler/105565,England,0,No agent
/iago-falque/profil/spieler/59340,Spain,0,GG11 s.r.l.
/dimitri-foulquier/profil/spieler/170472,Guadeloupe,159,GROUPE USM
/rafael/profil/spieler/61892,Brazil,98,World Soccer Star ...
/andrea-seculin/profil/spieler/85380,Italy,313,PB sports ...
/mark-anthony-kaye/profil/spieler/343553,Canada,365,Beswicks Sports Ltd
/tim-kister/profil/spieler/54767,Germany,0,No agent
/ugur-demirok/profil/spieler/44977,Turkey,124,Football & Soccer ...
/matias-pellegrini/profil/spieler/606267,Argentina,0,No agent
/vedad-ibisevic/profil/spieler/21175,Bosnia-Herzegovina,5259,arena11 sports group
/jordan-marie/profil/spieler/231025,France,0,GROUPE USM
/eduardo-henrique/profil/spieler/216118,Brazil,0,Teixeira Players ...
/tim-parker/profil/spieler/354737,United States,119,No agent
/yuri-zhirkov/profil/spieler/16760,Russia,6709,not clarified
/achraf-hakimi/profil/spieler/398073,Morocco,1483,FOOTFEEL ISM
/bouna-sarr/profil/spieler/190685,France,0,Samii ...
/ruben-vezo/profil/spieler/257851,Portugal,0,No agent
/naim-sliti/profil/spieler/184491,Tunisia,2106,FW SPORTS CONSEILS
/artem-dzyuba/profil/spieler/48067,Russia,2364,Relatives
/angel-gonzalez/profil/spieler/347920,Argentina,0,Altis ...
/mauro-junior/profil/spieler/323910,Brazil,0,No agent
/bartosz-bialkowski/profil/spieler/24496,Poland,44,no agent
/jose-antonio-reyes/profil/spieler/7717,Spain,1096,SPORT MANAGEMENT ...
/abdelhamid-sabiri/profil/spieler/340394,Germany,0,CN Sports
/dean-henderson/profil/spieler/258919,England,720,KIN
/maikel-kieftenbeld/profil/spieler/82332,Netherlands,0,Bigpoint
/stewart-downing/profil/spieler/4063,England,1521,SMI Sports ...
/ivan-novoseltsev/profil/spieler/231873,Russia,301,No agent
/rasmus-thelander/profil/spieler/129092,Denmark,0,MD Management
/baptiste-reynet/profil/spieler/190786,France,0,No agent
/juan-muniz/profil/spieler/85357,Spain,194,InterStarDeporte
/joel-lynch/profil/spieler/33070,Wales,12,New Era Global ...
/jeremy-sorbon/profil/spieler/56820,France,0,StarFactory
/leandro-chichizola/profil/spieler/95736,Argentina,0,No agent
/luca-zander/profil/spieler/139278,Germany,150,Sports Impuls
/zhi-yang/profil/spieler/63522,China,2250,No agent
/arne-feick/profil/spieler/38609,Germany,525,11WINS
/nelson-monte/profil/spieler/332615,Portugal,81,No agent
/aly-cissokho/profil/spieler/57515,France,90,SSM – Swiss ...
/dennis-praet/profil/spieler/129588,Belgium,59,MARTIN RIHA
/youssouf-sabaly/profil/spieler/135492,Senegal,974,Star-Gol
/taha-yalciner/profil/spieler/51938,Turkey,0,No agent
/dmitri-poloz/profil/spieler/98539,Russia,725,No agent
/barrie-mckay/profil/spieler/208934,Scotland,6,No agent
/mickael-alphonse/profil/spieler/172153,Guadeloupe,270,Classico Sports ...
/abdoulaye-diallo/profil/spieler/415271,Senegal,0,No agent
/adama-diomande/profil/spieler/93145,Norway,567,Lefrero Sports
/dan-crowley/profil/spieler/223225,England,0,Key Sports ...
/adrian-semper/profil/spieler/317057,Croatia,0,firsteleven ISM
/leander-dendoncker/profil/spieler/168157,Belgium,451,Wasserman ...
/florent-muslija/profil/spieler/337036,Germany,226,Soccertalk GmbH
/cristian-romero/profil/spieler/355915,Argentina,0,Ciro Palermo
/sammy-ameobi/profil/spieler/92381,England,212,Key Sports ...
/joshua-king/profil/spieler/91059,Norway,2406,Jim Solbakken
/marcio-mossoro/profil/spieler/45596,Brazil,0,Phoenix Football ...
/ronaldo-vieira/profil/spieler/434676,England,0,Base Soccer Agency ...
/carlos-fernandez/profil/spieler/216464,Spain,26,Relatives
/patrick-twumasi/profil/spieler/188651,Ghana,88,No agent
/gia-grigalava/profil/spieler/52089,Georgia,1843,Elite Consulting ...
/ryan-shawcross/profil/spieler/45861,England,16,No agent
/mossa/profil/spieler/96094,Spain,0,Promoesport
/paxton-pomykal/profil/spieler/455978,United States,613,James Grant Sports ...
/granit-xhaka/profil/spieler/111455,Switzerland,6241,Signature - ISCM AG
/goncalo-guedes/profil/spieler/225122,Portugal,771,Gestifute
/agustin-verdugo/profil/spieler/528270,Argentina,0,FSA
/thiago-silva/profil/spieler/29241,Brazil,6391,Paulo Tonietto
/seth-sinovic/profil/spieler/144959,United States,0,No agent
/henry-wingo/profil/spieler/378478,United States,0,Management 15
/alberto-benito/profil/spieler/263748,Spain,0,JV SPORTS SL
/kei-kamara/profil/spieler/39049,Sierra Leone,2178,HPA SOCCER
/egor-sorokin/profil/spieler/288721,Russia,3,No agent
/sam-mcqueen/profil/spieler/226968,England,90,No agent
/stefan-mitrovic/profil/spieler/143029,Serbia,949,No agent
/evan-bush/profil/spieler/148916,United States,0,Stone Sports ...
/paulinho/profil/spieler/211072,Portugal,0,MNM Sports ...
/nicolas-de-la-cruz/profil/spieler/397458,Uruguay,0,Relatives
/jordan-hamilton/profil/spieler/294707,Canada,6,Dierolf ...
/tyrell-malacia/profil/spieler/339340,Netherlands,90,SEG
/denis-terentjev/profil/spieler/144583,Russia,0,Special1Agency
/kevin-bonifazi/profil/spieler/247377,Italy,321,Pagliari & Minieri ...
/frederik-ronnow/profil/spieler/107775,Denmark,630,Boutique Transfers
/russell-teibert/profil/spieler/103627,Canada,1091,WMG
/fernando-barrientos/profil/spieler/154292,Argentina,0,No agent
/santiago-patino/profil/spieler/644780,United States,0,Beswicks Sports Ltd
/franco-di-santo/profil/spieler/59783,Argentina,48,Twenty Two S.A.
/lucas-torro/profil/spieler/213670,Spain,0,Toldra Consulting ...
/steven-bergwijn/profil/spieler/284165,Netherlands,305,Muy Manero
/jires-kembo-ekoko/profil/spieler/40446,France,0,Mondial Promotion
/vanja-vucicevic/profil/spieler/423612,Serbia,0,Friends & Football ...
/lucas-chaves/profil/spieler/360791,Argentina,0,No agent
/alan-schons/profil/spieler/378866,Brazil,0,MNM Sports ...
/ricardo-esgaio/profil/spieler/139395,Portugal,1516,Proeleven Gestão ...
/martin-dubravka/profil/spieler/74960,Slovakia,1484,GLOBAL SPORTS a.s.
/vincent-kompany/profil/spieler/9594,Belgium,7068,Eleven Management
/abdullahi-shehu/profil/spieler/262687,Nigeria,1726,DW Sports Management
/konstantinos-mavropanos/profil/spieler/415912,Greece,0,Konstantinos Farras
/chico-geraldes/profil/spieler/257456,Portugal,123,Nomi Sports
/todd-kane/profil/spieler/154287,England,0,New Era Global ...
/fedor-kudryashov/profil/spieler/48634,Russia,2191,No agent
/mert-hakan-yandas/profil/spieler/306462,Turkey,0,Altis ...
/jose-izquierdo/profil/spieler/147094,Colombia,173,Go Pro Sport ...
/memphis-depay/profil/spieler/167850,Netherlands,3178,SEG
/ander-iturraspe/profil/spieler/71571,Spain,134,Jesus Medina Martin
/dennis-hadzikadunic/profil/spieler/322065,Sweden,0,BHM Sports Agency
/christian-atsu/profil/spieler/186997,Ghana,4005,Alpha sports ...
/kevin-mirallas/profil/spieler/33639,Belgium,2815,Christophe Henrotay
/angelo-fulgini/profil/spieler/250013,France,61,H2C Sport Consulting
/adam-marusic/profil/spieler/239802,Montenegro,2197,DOO Magnum
/rodrigo-becao/profil/spieler/410158,Brazil,0,No agent
/patrik-sigurdur-gunnarsson/profil/spieler/429563,Iceland,0,Total Football
/mattias-bjarsmyr/profil/spieler/30386,Sweden,270,Global Soccer ...
/stefan-radu/profil/spieler/44420,Romania,616,Matteo Materazzi
/evgeni-kharin/profil/spieler/193464,Russia,0,No agent
/edwar-lopez/profil/spieler/572077,Colombia,0,South.american.playe...
/edu-campabadal/profil/spieler/126722,Spain,0,Global Sports ...
/konstantin-pliev/profil/spieler/394400,Russia,0,No agent
/richard-smallwood/profil/spieler/158713,England,0,SEM Group plc.
/jordy-clasie/profil/spieler/104223,Netherlands,937,Prime SportBusiness
/adama-traore/profil/spieler/204103,Spain,0,Promoesport
/serge-aurier/profil/spieler/127032,Cote d'Ivoire,0,ISMG International
/hector-bellerin/profil/spieler/191217,Spain,224,Goal Management
/andres-lioi/profil/spieler/563336,Argentina,0,Massimo Bocci
/jan-arie-van-der-heijden/profil/spieler/45538,Netherlands,49,Juzzt Football
/mahmut-tekdemir/profil/spieler/54177,Turkey,714,Foot & Ball
/almamy-toure/profil/spieler/216181,France,0,No agent
/jack-lankester/profil/spieler/602544,England,0,No agent
/bressan/profil/spieler/256453,Brazil,0,not clarified
/brandt-bronico/profil/spieler/271183,United States,0,No agent
/andres-renteria/profil/spieler/233007,Colombia,40,Gahayr Sports
/erik-durm/profil/spieler/93922,Germany,607,act
/maciej-rybus/profil/spieler/59597,Poland,3360,UNIDOS
/kevin-stewart/profil/spieler/200782,England,0,No agent
/olamide-shodipo/profil/spieler/401268,Ireland,0,Wonder Sports
/daniel-steininger/profil/spieler/195720,Germany,1,arena11 sports group
/georgi-schennikov/profil/spieler/70097,Russia,586,SA-Football Agency
/ben-wiles/profil/spieler/542471,England,0,KIN
/bruno-fernandes/profil/spieler/240306,Portugal,449,POSITIONUMBER
/kelyn-rowe/profil/spieler/183118,United States,237,not clarified
/luca-siligardi/profil/spieler/86079,Italy,0,eightyfive sa
/alexander-rossipal/profil/spieler/296188,Germany,180,ISMG International
/jubal/profil/spieler/149928,Brazil,0,Un1que football
/vukasin-jovanovic/profil/spieler/264140,Serbia,0,Relatives
/david-atanga/profil/spieler/254284,Ghana,0,Global 11
/davinson-sanchez/profil/spieler/341429,Colombia,1676,Villarreal & Schena
/daan-klomp/profil/spieler/400671,Netherlands,0,Sportconsult ...
/rodrigo-arciero/profil/spieler/322649,Argentina,0,No agent
/mauricio-pereyra/profil/spieler/102452,Uruguay,0,Relatives
/johannes-flum/profil/spieler/38415,Germany,99,ISMG International
/josh-tymon/profil/spieler/419929,England,422,Triple S Sports
/ali-adnan/profil/spieler/261611,Iraq,3028,Base Soccer Agency ...
/kwadwo-asamoah/profil/spieler/63531,Ghana,5141,P&P Sport ...
/lukas-frode/profil/spieler/153628,Germany,0,Karl M. Herzog ...
/matthias-verreth/profil/spieler/292817,Belgium,0,Stirr Associates
/tom-barlow/profil/spieler/509916,United States,0,Beswicks Sports Ltd
/mauricio-toni/profil/spieler/540299,Argentina,0,No agent
/waldemar-sobota/profil/spieler/110852,Poland,1014,Rechtsanwalt Dr. ...
/ilya-abaev/profil/spieler/15569,Russia,45,SA-Football Agency
/adam-armstrong/profil/spieler/250426,England,302,Stellar Football Ltd
/michael-frey/profil/spieler/147043,Switzerland,0,SOCCER MONDIAL
/enzo-loiodice/profil/spieler/581781,France,149,NABE M&C
/gael-clichy/profil/spieler/7449,France,1673,Darren Dein
/jackson-irvine/profil/spieler/192557,Australia,1310,Base Soccer Agency ...
/joao-lopes/profil/spieler/547553,Brazil,0,No agent
/bram-nuytinck/profil/spieler/104597,Netherlands,0,Wasserman ...
/tin-jedvaj/profil/spieler/206386,Croatia,1268,firsteleven ISM
/claudio-spinelli/profil/spieler/504882,Argentina,0,No agent
/carraca/profil/spieler/291941,Portugal,0,PPSports
/kikas/profil/spieler/383807,Portugal,0,NCfoot
/atakan-akkaynak/profil/spieler/327542,Germany,0,EMG Mundial
/luca-zidane/profil/spieler/283489,France,0,Alain Migliaccio
/dario-melnjak/profil/spieler/238500,Croatia,0,Love Players
/james-mcclean/profil/spieler/85935,Ireland,0,Platinum One Group
/joaquin-correa/profil/spieler/227081,Argentina,89,Alessandro Lucci - ...
/ruben-rochina/profil/spieler/67548,Spain,290,Fairplay Sports ...
/benjamin-pavard/profil/spieler/353366,France,1533,Carmenta
/thomas-bruns/profil/spieler/172202,Netherlands,96,SEG
/chadrac-akolo/profil/spieler/247459,DR Congo,0,ROGON
/chris-mepham/profil/spieler/480987,Wales,380,Volenti
/papy-djilobodji/profil/spieler/136610,Senegal,1169,no agent
/michael-de-leeuw/profil/spieler/110906,Netherlands,0,Soccer Vision BV
/gonzalo-asis/profil/spieler/549958,Argentina,0,No agent
/borja-valle/profil/spieler/176067,Spain,0,PROTIO SPORT
/felix-platte/profil/spieler/195782,Germany,220,arena11 sports group
/pol-llonch/profil/spieler/205276,Spain,0,Media Base Sports
/callum-elder/profil/spieler/271997,Australia,0,New Era Global ...
/abel-hernandez/profil/spieler/76608,Uruguay,937,Oscar Bentancourt
/joao-novais/profil/spieler/228940,Portugal,0,POSITIONUMBER
/charles/profil/spieler/16335,Brazil,0,Samii ...
/jozabed-sanchez/profil/spieler/207924,Spain,0,Promoesport
/marcelo/profil/spieler/190185,Brazil,0,MLSports Management
/lionel-carole/profil/spieler/11530,France,240,Relatives
/fabio-pacheco/profil/spieler/111200,Portugal,0,Onsoccer
/sebastian-rode/profil/spieler/44466,Germany,489,PRO Profil GmbH
/fredy-montero/profil/spieler/73852,Colombia,100,Colombiagol SAS
/francesco-magnanelli/profil/spieler/7093,Italy,0,TMP SOCCER srl
/pablo-fornals/profil/spieler/357885,Spain,33,Toldra Consulting ...
/miiko-albornoz/profil/spieler/75852,Chile,800,HCM Sports ...
/tim-van-de-berg/profil/spieler/447827,Netherlands,0,No agent
/maximilian-bauer/profil/spieler/388363,Germany,173,Projekt H oHG
/ryan-williams/profil/spieler/192239,Australia,0,No agent
/caner-cavlan/profil/spieler/136550,Netherlands,0,Perfect Element BV
/gonzalo-maroni/profil/spieler/441385,Argentina,711,No agent
/zeki-yavru/profil/spieler/98131,Turkey,154,No agent
/johannes-van-den-bergh/profil/spieler/31218,Germany,0,Coaches & More GmbH
/nicolas-linares/profil/spieler/534616,Argentina,0,No agent
/roberto-piccoli/profil/spieler/432092,Italy,402,No agent
/jimmy-briand/profil/spieler/18909,France,53,no agent
/sory-kaba/profil/spieler/355689,Guinea,202,RGFOOTBALL
/justen-glad/profil/spieler/334597,United States,0,No agent
/semi-ajayi/profil/spieler/251912,Nigeria,146,SIG Football
/kike-marquez/profil/spieler/101733,Spain,0,JV SPORTS SL
/james-chester/profil/spieler/73482,Wales,3003,No agent
/ben-alnwick/profil/spieler/27036,England,0,World in Motion
/hassane-kamara/profil/spieler/290017,France,0,No agent
/joe-mattock/profil/spieler/49611,England,270,No agent
/emil-krafth/profil/spieler/184528,Sweden,1301,Global Soccer ...
/cyrus-christie/profil/spieler/158623,Ireland,0,ARETÉ
/carlos-pita/profil/spieler/34566,Spain,0,No agent
/nicolas-schiappacasse/profil/spieler/345473,Uruguay,0,Lions Sports AG
/tolgay-arslan/profil/spieler/53536,Germany,0,Foot & Ball
/tobias-reithmeir/profil/spieler/420298,Germany,0,T21plus
/sean-klaiber/profil/spieler/268113,Netherlands,245,Louis Laros
/jannik-pohl/profil/spieler/288432,Denmark,0,people in sport
/gaston-campi/profil/spieler/292174,Argentina,0,No agent
/jasmin-kurtic/profil/spieler/85825,Slovenia,3992,AR Sport Management
/matheus-reis/profil/spieler/379249,Brazil,0,exclusive Sports GbR
/federico-mattiello/profil/spieler/200194,Italy,269,Gr Sports
/miles-robinson/profil/spieler/468022,United States,119,No agent
/jose-luis-palomino/profil/spieler/125020,Argentina,0,Univers Management
/nathaniel-clyne/profil/spieler/85177,England,1050,No agent
/francesco-acerbi/profil/spieler/131075,Italy,188,no agent
/tim-chow/profil/spieler/196693,Chinese Taipei (Taiwan),90,Crown Football Ltd
/cole-skuse/profil/spieler/48094,England,0,No agent
/daniel-lasure/profil/spieler/336736,Spain,0,No agent
/sergi-palencia/profil/spieler/268176,Spain,0,AC Talent
/kevin-vazquez/profil/spieler/221315,Spain,0,F.J.VILLAVERDE
/raphael-framberger/profil/spieler/146163,Germany,41,Kögl & Partner GmbH
/anton-belov/profil/spieler/425746,Russia,0,No agent
/nelson-semedo/profil/spieler/231572,Portugal,552,Gestifute
/andre-zambo-anguissa/profil/spieler/354361,Cameroon,1219,No agent
/marc-aurele-caillard/profil/spieler/205465,France,0,No agent
/arturo-vidal/profil/spieler/37666,Chile,8353,Fernando Felicevich
/luciano-abecasis/profil/spieler/149435,Argentina,0,EUROPE SPORTS GROUP
/alexis-maldonado/profil/spieler/444100,Argentina,0,PROSPORTS Argentina
/filip-kusic/profil/spieler/217285,Serbia,0,ROGON
/laurent-depoitre/profil/spieler/90583,Belgium,90,International Sport ...
/michel-vorm/profil/spieler/26276,Netherlands,1124,Prime SportBusiness
/theodor-gebre-selassie/profil/spieler/60632,Czech Republic,3928,No agent
/vladimir-poluyakhtov/profil/spieler/58429,Russia,0,No agent
/oussama-tannane/profil/spieler/235540,Morocco,532,MG & Associates
/dusan-vlahovic/profil/spieler/357498,Serbia,0,INTERNATIONAL ...
/diego-lainez/profil/spieler/371174,Mexico,152,PitZGroup
/thomas-amilivia/profil/spieler/639767,Argentina,0,No agent
/stefan-posch/profil/spieler/223974,Austria,0,ROGON
/agustin-allione/profil/spieler/189411,Argentina,0,no agent
/romain-metanire/profil/spieler/154209,Madagascar,360,GROUPE USM
/nahitan-nandez/profil/spieler/315063,Uruguay,1209,Oscar Bentancourt
/jake-livermore/profil/spieler/61832,England,460,not clarified
/paolo-goltz/profil/spieler/55183,Argentina,70,No agent
/aleksandar-katai/profil/spieler/139915,Serbia,196,Seven stars
/oumar-niasse/profil/spieler/209781,Senegal,190,Relatives
/aymen-barkok/profil/spieler/315332,Germany,27,ROGON
/filip-djuricic/profil/spieler/94307,Serbia,1320,SEG
/klaus-gjasula/profil/spieler/57598,Albania,0,Coaches & More GmbH
/benjamin-mendy/profil/spieler/157495,France,494,Meïssa N'diaye
/luciano-slagveer/profil/spieler/187298,Netherlands,55,Fortitude Player ...
/marc-muniesa/profil/spieler/74228,Spain,580,Ginés Carvajal
/lechii-sadulaev/profil/spieler/623553,Russia,0,No agent
/kenedy/profil/spieler/281404,Brazil,0,No agent
/melvyn-lorenzen/profil/spieler/143121,Uganda,0,no agent
/manu-garcia/profil/spieler/76273,Spain,0,Fernando Gómez
/leon-musaev/profil/spieler/375668,Russia,45,Football Exchange
/denis-glushakov/profil/spieler/55336,Russia,3683,Pavel Andreev
/tiago-mesquita/profil/spieler/130622,Portugal,45,No agent
/murat-yildirim/profil/spieler/35530,Turkey,0,No agent
/jose-valencia/profil/spieler/119183,Colombia,0,JGS
/filippo-costa/profil/spieler/197743,Italy,253,Supporter Management
/marcel-schmelzer/profil/spieler/35208,Germany,1271,ROGON
/jean-kevin-augustin/profil/spieler/264956,France,0,not clarified
/cheikh-mbengue/profil/spieler/56795,Senegal,2061,WB-Sportmanagement
/jonathan-sandoval/profil/spieler/74268,Uruguay,0,No agent
/luciano-vietto/profil/spieler/214316,Argentina,0,Eleven Talent Group
/ivan-radovanovic/profil/spieler/46105,Serbia,551,No agent
/nicklas-pedersen/profil/spieler/44588,Denmark,659,people in sport
/alfie-mawson/profil/spieler/287431,England,0,Volenti
/enzo-kalinski/profil/spieler/67818,Argentina,0,EUROPE SPORTS GROUP
/reece-burke/profil/spieler/264220,England,240,KIN
/yuri-nesterenko/profil/spieler/147072,Russia,0,No agent
/daniel-bentley/profil/spieler/136401,England,0,Elite Management ...
/manuel-fernandes/profil/spieler/16791,Portugal,790,Paulo Barbosa
/federico-marchetti/profil/spieler/22318,Italy,844,Matteo Materazzi
/willian-jose/profil/spieler/122155,Brazil,0,Un1que football
/elias-gomez/profil/spieler/302139,Argentina,0,No agent
/manu-barreiro/profil/spieler/72484,Spain,0,No agent
/oliver-norwood/profil/spieler/73547,Northern Ireland,4582,Unique Sports ...
/eric-alexander/profil/spieler/146031,United States,16,WMG
/mevlut-erdinc/profil/spieler/38360,Turkey,1593,Mondial Promotion
/takashi-usami/profil/spieler/111881,Japan,1098,JAPAN SPORTS ...
/lucas-woudenberg/profil/spieler/221766,Netherlands,90,Wasserman ...
/jonas-knudsen/profil/spieler/144904,Denmark,471,Boutique Transfers
/caleb-stanko/profil/spieler/190269,United States,17,PRO FC
/ponck/profil/spieler/341516,Cape Verde,1080,Soccer Features ...
/dairon-asprilla/profil/spieler/260381,Colombia,0,No agent
/lucas-moura/profil/spieler/77100,Brazil,1087,4comM
/andrew-surman/profil/spieler/29975,England,89,Unique Sports ...
/robin-koch/profil/spieler/328784,Germany,197,11WINS
/viktor-vasin/profil/spieler/60134,Russia,1078,ASA
/lucas-melano/profil/spieler/220753,Argentina,0,COMUNIGOAL
/grzegorz-krychowiak/profil/spieler/45184,Poland,5057,Stellar Football Ltd
/iago-herrerin/profil/spieler/71570,Spain,0,No agent
/mikhail-lysov/profil/spieler/289590,Russia,666,Pavel Andreev
/ben-thompson/profil/spieler/337062,England,0,No agent
/joe-bryan/profil/spieler/194460,England,0,Base Soccer Agency ...
/brian-rowe/profil/spieler/213545,United States,0,PRO FC
/matt-crooks/profil/spieler/169416,England,0,Key Sports ...
/omer-sismanoglu/profil/spieler/50774,Turkey,181,no agent
/kirill-panchenko/profil/spieler/106675,Russia,9,Relatives
/delano-van-crooij/profil/spieler/159143,Netherlands,0,Juzzt Football
/hilal-ben-moussa/profil/spieler/223405,Netherlands,0,Relatives
/tyler-adams/profil/spieler/332705,United States,838,James Grant Sports ...
/henk-veerman/profil/spieler/271743,Netherlands,0,World Soccer Consult
/hakan-ozmert/profil/spieler/17465,Turkey,0,S1 Sportmarketing
/eric-remedi/profil/spieler/362364,Argentina,0,INSUA GROUP
/anibal-godoy/profil/spieler/161671,Panama,6479,GSMGroup
/alper-potuk/profil/spieler/99186,Turkey,530,No agent
/christian-martinez/profil/spieler/419247,Panama,236,RELC SPORTS INC.
/mikhail-levashov/profil/spieler/148028,Russia,0,SA-Football Agency
/washington-camacho/profil/spieler/76490,Uruguay,0,no agent
/yvon-mvogo/profil/spieler/147051,Switzerland,180,no agent
/rafael-crivellaro/profil/spieler/145692,Brazil,0,no agent
/christopher-handke/profil/spieler/57704,Germany,0,L-concept Sports
/jamilu-collins/profil/spieler/254934,Nigeria,540,KICK & RUN SPORTS
/florian-baak/profil/spieler/296345,Germany,180,Jörg Neubauer
/alex-tayo-akande/profil/spieler/209778,Hongkong,0,Premier Footballers
/aytac-kara/profil/spieler/159908,Turkey,45,Golden Foot ...
/ozer-hurmaci/profil/spieler/45004,Turkey,135,Relatives
/malcom/profil/spieler/323704,Brazil,0,Elenko Sports Ltda.
/brad-smith/profil/spieler/175745,Australia,1180,SEM Group plc.
/saad-abdul-salaam/profil/spieler/270532,United States,0,No agent
/ibrahima-cisse/profil/spieler/160380,Guinea,111,Relatives
/gavin-massey/profil/spieler/148258,England,0,Panthera Sports
/konrad-laimer/profil/spieler/223967,Austria,0,arena11 sports group
/aleksey-gritsaenko/profil/spieler/379634,Russia,0,No agent
/artem-golubev/profil/spieler/375663,Russia,135,No agent
/jack-price/profil/spieler/129062,England,0,Beswicks Sports Ltd
/michael-ihiekwe/profil/spieler/145923,England,0,Volenti
/adrian-dalmau/profil/spieler/288228,Spain,0,Leaderbrock Sports
/matias-vecino/profil/spieler/143812,Uruguay,2593,Alessandro Lucci - ...
/enis-bardhi/profil/spieler/245014,North Macedonia,1355,No agent
/chechu-dorado/profil/spieler/70898,Spain,0,Bahía Internacional
/mikel-merino/profil/spieler/338424,Spain,1195,Bahía Internacional
/johannes-wurtz/profil/spieler/93926,Germany,240,arena11 sports group
/sebastian-villa/profil/spieler/493000,Colombia,147,Go Pro Sport ...
/michael-ratajczak/profil/spieler/1257,Germany,0,neblung ...
/mbilla-etame/profil/spieler/78798,Cameroon,0,Smart Sports Agency
/josh-vela/profil/spieler/173804,England,0,Unique Sports ...
/vladislav-ignatjev/profil/spieler/51897,Russia,160,No agent
/makhete-diop/profil/spieler/124757,Senegal,0,No agent
/leandro-sapetti/profil/spieler/149486,Argentina,0,No agent
/ferhat-oztorun/profil/spieler/37839,Turkey,90,Stars & Friends
/santi-mina/profil/spieler/255653,Spain,162,Together For You
/calvin-verdonk/profil/spieler/258364,Netherlands,90,Muy Manero
/hassani-dotson/profil/spieler/636081,United States,0,No agent
/mike-te-wierik/profil/spieler/155806,Netherlands,312,Eijkelkamp Pro ...
/victor-cabrera/profil/spieler/353463,Argentina,0,No agent
/matteo-scozzarella/profil/spieler/85208,Italy,0,AC Sport Consulting
/ryan-bennett/profil/spieler/67252,England,180,World in Motion
/mads-bech-sorensen/profil/spieler/372240,Denmark,0,people in sport
/oliver-baumann/profil/spieler/55089,Germany,764,ISMG International
/ogenyi-onazi/profil/spieler/131709,Nigeria,3892,Makoz Group
/baptiste-santamaria/profil/spieler/285323,France,90,No agent
/fede-vico/profil/spieler/162079,Spain,0,Promoesport
/joao-camacho/profil/spieler/268732,Portugal,0,Footconect Fma
/arkadiusz-milik/profil/spieler/191891,Poland,3179,F-MG.com
/joao-palhinha/profil/spieler/257455,Portugal,62,Stellar Football Ltd
/karl-toko-ekambi/profil/spieler/315110,Cameroon,1042,Univers Management
/bilal-kisa/profil/spieler/7444,Turkey,390,Coach-Sport-Manageme...
/rudy-gestede/profil/spieler/39908,Benin,698,Unique Sports ...
/lucas-olaza/profil/spieler/216240,Uruguay,0,Minguella Football ...
/vitor-bruno/profil/spieler/130635,Portugal,0,MNM Sports ...
/otavio/profil/spieler/312314,Brazil,0,GR2
/cristian-borja/profil/spieler/356099,Colombia,270,EURODATA SPORT
/ollie-watkins/profil/spieler/324358,England,0,Platinum One Group
/leandro-paredes/profil/spieler/166237,Argentina,620,M Sab
/duvan-vergara/profil/spieler/413658,Colombia,0,PW SOCCER ...
/dmitri-kombarov/profil/spieler/38782,Russia,3402,Pavel Andreev
/fernando-monetti/profil/spieler/69815,Argentina,0,OLLER GROUP
/carlos-pomares/profil/spieler/238872,Spain,0,EGGO 21 Sports
/bastos/profil/spieler/195810,Angola,2708,MCV Sports
/daniel-carvajal/profil/spieler/138927,Spain,1728,Ginés Carvajal
/abduhamit-abdugheni/profil/spieler/449191,China,156,No agent
/ceyhun-gulselam/profil/spieler/37216,Turkey,325,Alpaslan Kayabunar
/lorenzo-de-silvestri/profil/spieler/33571,Italy,327,Sergio Berti
/kevin-muller/profil/spieler/43824,Germany,412,KL Sportsbase
/facundo-roncaglia/profil/spieler/61546,Argentina,943,Primotempo
/dominic-calvert-lewin/profil/spieler/306024,England,707,Key Sports ...
/remi-matthews/profil/spieler/196722,England,0,World in Motion
/nayef-aguerd/profil/spieler/361914,Morocco,186,Trivela SM
/billy-jones/profil/spieler/36866,England,0,No agent
/wilfried-kanga/profil/spieler/395523,France,0,No agent
/filipe-melo/profil/spieler/134580,Portugal,0,No agent
/mike-maignan/profil/spieler/182906,France,450,3A
/nicky-beloko/profil/spieler/382774,Switzerland,0,World Sports ...
/riccardo-meggiorini/profil/spieler/28936,Italy,0,PDP s.r.l.  ...
/karim-benzema/profil/spieler/18922,France,5129,Best of You
/emmanuel-mas/profil/spieler/77153,Argentina,649,Univers Management
/damian-szymanski/profil/spieler/259881,Poland,96,UNIDOS
/diego-mercado/profil/spieler/556049,Argentina,0,No agent
/bernardo/profil/spieler/364258,Brazil,0,No agent
/emanuel-taffertshofer/profil/spieler/196785,Germany,0,Kögl & Partner GmbH
/mathias-jensen/profil/spieler/319859,Denmark,0,Pro XI A/S
/edin-visca/profil/spieler/109217,Bosnia-Herzegovina,2728,SC SPORT
/ramon-azeez/profil/spieler/131667,Nigeria,237,D.E.R.S. group
/cris/profil/spieler/24946,Portugal,0,PromoSport
/luke-steele/profil/spieler/3539,England,0,WMG Management (SFX ...
/niklas-moisander/profil/spieler/5017,Finland,5125,Essel sports ...
/abdoulay-diaby/profil/spieler/148396,Mali,1206,Stellar Football Ltd
/dmitri-stotskiy/profil/spieler/124700,Russia,10,APS
/mats-hummels/profil/spieler/39728,Germany,5870,HMH Sportmanagement
/wesley-hoolahan/profil/spieler/24589,Ireland,0,Pinnacle Global ...
/michael-breij/profil/spieler/258511,Netherlands,95,No agent
/matias-romero/profil/spieler/605721,Argentina,0,Dario Ristori
/mike-havekotte/profil/spieler/206743,Netherlands,180,No agent
/abdon-prats/profil/spieler/177452,Spain,0,Emartsoccer
/nejc-skubic/profil/spieler/91434,Slovenia,1241,Rabona Sports
/jordan-harvey/profil/spieler/39354,United States,6,WMG
/thomas-monconduit/profil/spieler/127182,France,0,Louis DENOLLE
/nordi-mukiele/profil/spieler/348026,France,0,Meïssa N'diaye
/jeremiah-gutjahr/profil/spieler/402838,United States,212,No agent
/pol-lirola/profil/spieler/298975,Spain,0,MINDU SPORTS
/bekim-balaj/profil/spieler/99137,Albania,1470,Shkumbin Qormemeti
/diego-demme/profil/spieler/82070,Germany,14,CE - Agent4Success
/edgar-prib/profil/spieler/60028,Germany,0,arena11 sports group
/toni-kroos/profil/spieler/31909,Germany,7059,SportsTotal
/wilfrid-kaptoum/profil/spieler/256120,Cameroon,0,YOU FIRST SPORTS
/alhassane-keita/profil/spieler/197734,Guinea,0,World Soccer Star ...
/sokratis/profil/spieler/34322,Greece,7006,Konstantinos Farras
/radosav-petrovic/profil/spieler/75296,Serbia,1938,SOCCER MONDIAL
/kevin-mac-allister/profil/spieler/428920,Argentina,0,Primotempo
/tim-skarke/profil/spieler/287920,Germany,63,ISMG International
/fernando-godoy/profil/spieler/130452,Argentina,0,AAmanagers
/ismail-koybasi/profil/spieler/74641,Turkey,1609,FOOTALENT
/ola-kamara/profil/spieler/62067,Norway,752,Onfield Management
/george-byers/profil/spieler/240083,Scotland,0,No agent
/roland-sallai/profil/spieler/332798,Hungary,576,ROGON
/tyrone-mears/profil/spieler/14050,England,90,WHK
/victor-laguardia/profil/spieler/67080,Spain,180,Bahía Internacional
/alexander-gonzalez/profil/spieler/147562,Venezuela,2937,Agencia de Futbol ...
/serkan-kirintili/profil/spieler/16058,Turkey,360,Haluk Canatar
/emiliano-moretti/profil/spieler/5755,Italy,108,Massimo Bocci
/chung-yong-lee/profil/spieler/81801,"Korea, South",0,ML-Players
/daniel-butterworth/profil/spieler/478637,England,0,Base Soccer Agency ...
/shamit-shome/profil/spieler/423445,Canada,0,Axia Sports ...
/michael-barrios/profil/spieler/313286,Colombia,0,Colombiagol SAS
/jimmy-durmaz/profil/spieler/80205,Sweden,2339,MD Management
/vedat-muriqi/profil/spieler/256267,Kosovo,1102,KA-Sportmanagement
/santiago-mosquera/profil/spieler/490621,Colombia,0,ABADSPORT
/raheem-sterling/profil/spieler/134425,England,3325,Colossal Sports ...
/bjorn-engels/profil/spieler/193469,Belgium,0,SportPlus Football ...
/vyacheslav-podberezkin/profil/spieler/207528,Russia,45,prosm
/senad-lulic/profil/spieler/61449,Bosnia-Herzegovina,4564,No agent
/jimmy-maurer/profil/spieler/183337,United States,0,HPA SOCCER
/jalil-elias/profil/spieler/376859,Argentina,0,PROSPORTS Argentina
/joaquin-varela/profil/spieler/553421,Argentina,0,No agent
/nicolo-zaniolo/profil/spieler/392085,Italy,38,Vigo Global Sport ...
/marcelo-mino/profil/spieler/508135,Argentina,90,No agent
/roy-beerens/profil/spieler/25427,Netherlands,34,ESA Soccer
/giannelli-imbula/profil/spieler/130756,France,0,not clarified
/danil-stepanov/profil/spieler/456182,Russia,631,No agent
/marcelo-saracchi/profil/spieler/373916,Uruguay,154,4FC
/ryo-miyaichi/profil/spieler/129688,Japan,28,100and10 ...
/patrik-schick/profil/spieler/242086,Czech Republic,935,International Sport ...
/pierluigi-gollini/profil/spieler/244192,Italy,0,Gr Sports
/federico-fazio/profil/spieler/45314,Argentina,674,Football Management ...
/jay-roy-grot/profil/spieler/360517,Netherlands,28,Wasserman ...
/matias-kranevitter/profil/spieler/240900,Argentina,619,COMUNIGOAL
/andres-ponce/profil/spieler/308256,Venezuela,258,Go Pro Sport ...
/denis-odoi/profil/spieler/59641,Belgium,90,Stirr Associates
/manuel-lazzari/profil/spieler/331401,Italy,90,Italian Managers ...
/darren-potter/profil/spieler/22231,Ireland,0,SEM Group plc.
/rurik-gislason/profil/spieler/15961,Iceland,2904,Total Football
/james-igbekeme/profil/spieler/375849,Nigeria,0,Relatives
/erik-lamela/profil/spieler/111630,Argentina,953,M Sab
/pascal-testroet/profil/spieler/53521,Germany,216,arena11 sports group
/lorenzo-melgarejo/profil/spieler/127822,Paraguay,80,Firstfute Football ...
/gaston-pereiro/profil/spieler/264116,Uruguay,449,no agent
/florian-carstens/profil/spieler/334543,Germany,0,Briem Soccer ...
/roman-martinez/profil/spieler/53134,Argentina,0,No agent
/alex-lopez/profil/spieler/166674,Spain,0,OFSPORTS
/tomas-cardona/profil/spieler/422700,Argentina,0,No agent
/georgi-melkadze/profil/spieler/281552,Russia,1091,VALERIJUS ...
/hector-verdes/profil/spieler/57954,Spain,0,InterStarDeporte
/vicente-gomez/profil/spieler/153236,Spain,0,DRL
/marcin-kaminski/profil/spieler/129358,Poland,497,Wojciech Zlobicki
/boulaye-dia/profil/spieler/626913,France,0,No agent
/moussa-diaby/profil/spieler/395516,France,196,No agent
/javier-mascherano/profil/spieler/19981,Argentina,12662,Pinhas Zahavi
/keinan-davis/profil/spieler/412660,England,194,Base Soccer Agency ...
/joe-newell/profil/spieler/185342,England,0,No agent
/saman-ghoddos/profil/spieler/204294,Iran,780,CLS Mundial
/anthony-jackson-hamel/profil/spieler/333093,Canada,322,No agent
/mert-gunok/profil/spieler/51894,Turkey,567,FOOTALENT
/diego-capel/profil/spieler/27471,Spain,116,No agent
/elias-pereyra/profil/spieler/576027,Argentina,481,BMG Sports
/andrea-petagna/profil/spieler/199258,Italy,21,Gr Sports
/agustin-heredia/profil/spieler/570420,Argentina,0,No agent
/david-texeira/profil/spieler/143182,Uruguay,0,Holland Sports ...
/karim-rekik/profil/spieler/182579,Netherlands,308,Juzzt Football
