,Survived,Pclass,Sex,SibSp,Parch,Fare,Age_wiki,Embarked_C,Embarked_Q,Embarked_S
0,0.0,3,0,1,0,7.25,22.0,0,0,1
1,1.0,1,1,1,0,71.2833,35.0,1,0,0
2,1.0,3,1,0,0,7.925,26.0,0,0,1
3,1.0,1,1,1,0,53.1,35.0,0,0,1
4,0.0,3,0,0,0,8.05,35.0,0,0,1
5,0.0,3,0,0,0,8.4583,22.0,0,1,0
6,0.0,1,0,0,0,51.8625,54.0,0,0,1
7,0.0,3,0,3,1,21.075,2.0,0,0,1
8,1.0,3,1,0,2,11.1333,26.0,0,0,1
9,1.0,2,1,1,0,30.0708,14.0,1,0,0
10,1.0,3,1,1,1,16.7,4.0,0,0,1
11,1.0,1,1,0,0,26.55,61.0,0,0,1
12,0.0,3,0,0,0,8.05,19.0,0,0,1
13,0.0,3,0,1,5,31.275,39.0,0,0,1
14,0.0,3,1,0,0,7.8542,14.0,0,0,1
15,1.0,2,1,0,0,16.0,56.0,0,0,1
16,0.0,3,0,4,1,29.125,2.0,0,1,0
17,1.0,2,0,0,0,13.0,23.0,0,0,1
18,0.0,3,1,1,0,18.0,31.0,0,0,1
19,1.0,3,1,0,0,7.225,22.0,1,0,0
20,0.0,2,0,0,0,26.0,35.0,0,0,1
21,1.0,2,0,0,0,13.0,34.0,0,0,1
22,1.0,3,1,0,0,8.0292,16.0,0,1,0
23,1.0,1,0,0,0,35.5,28.0,0,0,1
24,0.0,3,1,3,1,21.075,8.0,0,0,1
25,1.0,3,1,1,5,31.3875,38.0,0,0,1
26,0.0,3,0,0,0,7.225,25.0,1,0,0
27,0.0,1,0,3,2,263.0,19.0,0,0,1
28,1.0,3,1,0,0,7.8792,25.0,0,1,0
29,0.0,3,0,0,0,7.8958,23.0,0,0,1
30,0.0,1,0,0,0,27.7208,40.0,1,0,0
31,1.0,1,1,1,0,146.5208,45.0,1,0,0
32,1.0,3,1,0,0,7.75,19.0,0,1,0
33,0.0,2,0,0,0,10.5,66.0,0,0,1
34,0.0,1,0,1,0,82.1708,28.0,1,0,0
35,0.0,1,0,1,0,52.0,42.0,0,0,1
36,1.0,3,0,0,0,7.2292,20.0,1,0,0
37,0.0,3,0,0,0,8.05,21.0,0,0,1
38,0.0,3,1,2,0,18.0,18.0,0,0,1
39,1.0,3,1,1,0,11.2417,14.0,1,0,0
40,0.0,3,1,1,0,9.475,40.0,0,0,1
41,0.0,2,1,1,0,21.0,27.0,0,0,1
42,0.0,3,0,0,0,7.8958,29.32206313,1,0,0
43,1.0,2,1,1,2,41.5792,3.0,1,0,0
44,1.0,3,1,0,0,7.8792,19.0,0,1,0
45,0.0,3,0,0,0,8.05,29.0,0,0,1
46,0.0,3,0,1,0,15.5,20.0,0,1,0
47,1.0,3,1,0,0,7.75,24.0,0,1,0
48,0.0,3,0,2,0,21.6792,16.0,1,0,0
49,0.0,3,1,1,0,17.8,18.0,0,0,1
50,0.0,3,0,4,1,39.6875,7.0,0,0,1
51,0.0,3,0,0,0,7.8,21.0,0,0,1
52,1.0,1,1,1,0,76.7292,49.0,1,0,0
53,1.0,2,1,1,0,26.0,29.0,0,0,1
54,0.0,1,0,0,1,61.9792,64.0,1,0,0
55,1.0,1,0,0,0,35.5,45.0,0,0,1
56,1.0,2,1,0,0,10.5,21.0,0,0,1
57,0.0,3,0,0,0,7.2292,20.0,1,0,0
58,1.0,2,1,1,2,27.75,4.0,0,0,1
59,0.0,3,0,5,2,46.9,13.0,0,0,1
60,0.0,3,0,0,0,7.2292,22.0,1,0,0
61,1.0,1,1,0,0,80.0,38.0,0,0,1
62,0.0,1,0,1,0,83.475,45.0,0,0,1
63,0.0,3,0,3,2,27.9,5.0,0,0,1
64,0.0,1,0,0,0,27.7208,54.0,1,0,0
65,1.0,3,0,1,1,15.2458,7.0,1,0,0
66,1.0,2,1,0,0,10.5,29.0,0,0,1
67,0.0,3,0,0,0,8.1583,19.0,0,0,1
68,1.0,3,1,4,2,7.925,17.0,0,0,1
69,0.0,3,0,2,0,8.6625,26.0,0,0,1
70,0.0,2,0,0,0,10.5,32.0,0,0,1
71,0.0,3,1,5,2,46.9,16.0,0,0,1
72,0.0,2,0,0,0,73.5,21.0,0,0,1
73,0.0,3,0,1,0,14.4542,26.0,1,0,0
74,1.0,3,0,0,0,56.4958,32.0,0,0,1
75,0.0,3,0,0,0,7.65,25.0,0,0,1
76,0.0,3,0,0,0,7.8958,23.0,0,0,1
77,0.0,3,0,0,0,8.05,28.0,0,0,1
78,1.0,2,0,0,2,29.0,0.83,0,0,1
79,1.0,3,1,0,0,12.475,31.0,0,0,1
80,0.0,3,0,0,0,9.0,22.0,0,0,1
81,1.0,3,0,0,0,9.5,29.0,0,0,1
82,1.0,3,1,0,0,7.7875,31.0,0,1,0
83,0.0,1,0,0,0,47.1,31.0,0,0,1
84,1.0,2,1,0,0,10.5,17.0,0,0,1
85,1.0,3,1,3,0,15.85,33.0,0,0,1
86,0.0,3,0,1,3,34.375,16.0,0,0,1
87,0.0,3,0,0,0,8.05,20.0,0,0,1
88,1.0,1,1,3,2,263.0,23.0,0,0,1
89,0.0,3,0,0,0,8.05,24.0,0,0,1
90,0.0,3,0,0,0,8.05,29.0,0,0,1
91,0.0,3,0,0,0,7.8542,20.0,0,0,1
92,0.0,1,0,1,0,61.175,46.0,0,0,1
93,0.0,3,0,1,2,20.575,25.0,0,0,1
94,0.0,3,0,0,0,7.25,59.0,0,0,1
95,0.0,3,0,0,0,8.05,22.0,0,0,1
96,0.0,1,0,0,0,34.6542,71.0,1,0,0
97,1.0,1,0,0,1,63.3583,23.0,1,0,0
98,1.0,2,1,0,1,23.0,34.0,0,0,1
99,0.0,2,0,1,0,26.0,34.0,0,0,1
100,0.0,3,1,0,0,7.8958,28.0,0,0,1
101,0.0,3,0,0,0,7.8958,29.0,0,0,1
102,0.0,1,0,0,1,77.2875,21.0,0,0,1
103,0.0,3,0,0,0,8.6542,33.0,0,0,1
104,0.0,3,0,2,0,7.925,37.0,0,0,1
105,0.0,3,0,0,0,7.8958,28.0,0,0,1
106,1.0,3,1,0,0,7.65,21.0,0,0,1
107,1.0,3,0,0,0,7.775,29.0,0,0,1
108,0.0,3,0,0,0,7.8958,38.0,0,0,1
109,1.0,3,1,1,0,24.15,28.0,0,1,0
110,0.0,1,0,0,0,52.0,46.0,0,0,1
111,0.0,3,1,1,0,14.4542,16.0,1,0,0
112,0.0,3,0,0,0,8.05,22.0,0,0,1
113,0.0,3,1,1,0,9.825,20.0,0,0,1
114,0.0,3,1,0,0,14.4583,17.0,1,0,0
115,0.0,3,0,0,0,7.925,21.0,0,0,1
116,0.0,3,0,0,0,7.75,61.0,0,1,0
117,0.0,2,0,1,0,21.0,29.0,0,0,1
118,0.0,1,0,0,1,247.5208,24.0,1,0,0
119,0.0,3,1,4,2,31.275,2.0,0,0,1
120,0.0,2,0,2,0,73.5,20.0,0,0,1
121,0.0,3,0,0,0,8.05,19.0,0,0,1
122,0.0,2,0,1,0,30.0708,28.0,1,0,0
123,1.0,2,1,0,0,13.0,37.0,0,0,1
124,0.0,1,0,0,1,77.2875,54.0,0,0,1
125,1.0,3,0,1,0,11.2417,12.0,1,0,0
126,0.0,3,0,0,0,7.75,20.0,0,1,0
127,1.0,3,0,0,0,7.1417,24.0,0,0,1
128,1.0,3,1,1,1,22.3583,2.0,1,0,0
129,0.0,3,0,0,0,6.975,45.0,0,0,1
130,0.0,3,0,0,0,7.8958,33.0,1,0,0
131,0.0,3,0,0,0,7.05,20.0,0,0,1
132,0.0,3,1,1,0,14.5,47.0,0,0,1
133,1.0,2,1,1,0,26.0,37.0,0,0,1
134,0.0,2,0,0,0,13.0,25.0,0,0,1
135,0.0,2,0,0,0,15.0458,23.0,1,0,0
136,1.0,1,1,0,2,26.2833,19.0,0,0,1
137,0.0,1,0,1,0,53.1,37.0,0,0,1
138,0.0,3,0,0,0,9.2167,16.0,0,0,1
139,0.0,1,0,0,0,79.2,24.0,1,0,0
140,0.0,3,1,0,2,15.2458,40.0,1,0,0
141,1.0,3,1,0,0,7.75,22.0,0,0,1
142,1.0,3,1,1,0,15.85,24.0,0,0,1
143,0.0,3,0,0,0,6.75,19.0,0,1,0
144,0.0,2,0,0,0,11.5,17.0,0,0,1
145,0.0,2,0,1,1,36.75,19.0,0,0,1
146,1.0,3,0,0,0,7.7958,27.0,0,0,1
147,0.0,3,1,2,2,34.375,7.0,0,0,1
148,0.0,2,0,0,2,26.0,32.0,0,0,1
149,0.0,2,0,0,0,13.0,42.0,0,0,1
150,0.0,2,0,0,0,12.525,51.0,0,0,1
151,1.0,1,1,1,0,66.6,22.0,0,0,1
152,0.0,3,0,0,0,8.05,48.0,0,0,1
153,0.0,3,0,0,2,14.5,35.0,0,0,1
154,0.0,3,0,0,0,7.3125,27.0,0,0,1
155,0.0,1,0,0,1,61.3792,51.0,1,0,0
156,1.0,3,1,0,0,7.7333,17.0,0,1,0
157,0.0,3,0,0,0,8.05,30.0,0,0,1
158,0.0,3,0,0,0,8.6625,37.0,0,0,1
159,0.0,3,0,8,2,69.55,4.0,0,0,1
160,0.0,3,0,0,1,16.1,44.0,0,0,1
161,1.0,2,1,0,0,15.75,40.0,0,0,1
162,0.0,3,0,0,0,7.775,26.0,0,0,1
163,0.0,3,0,0,0,8.6625,17.0,0,0,1
164,0.0,3,0,4,1,39.6875,1.0,0,0,1
165,1.0,3,0,0,2,20.525,9.0,0,0,1
166,1.0,1,1,0,1,55.0,48.0,0,0,1
167,0.0,3,1,1,4,27.9,43.0,0,0,1
168,0.0,1,0,0,0,25.925,60.0,0,0,1
169,0.0,3,0,0,0,56.4958,24.0,0,0,1
170,0.0,1,0,0,0,33.5,61.0,0,0,1
171,0.0,3,0,4,1,29.125,4.0,0,1,0
172,1.0,3,1,1,1,11.1333,1.0,0,0,1
173,0.0,3,0,0,0,7.925,21.0,0,0,1
174,0.0,1,0,0,0,30.6958,56.0,1,0,0
175,0.0,3,0,1,1,7.8542,18.0,0,0,1
176,0.0,3,0,3,1,25.4667,5.0,0,0,1
177,0.0,1,1,0,0,28.7125,50.0,1,0,0
178,0.0,2,0,0,0,13.0,30.0,0,0,1
179,0.0,3,0,0,0,0.0,36.0,0,0,1
180,0.0,3,1,8,2,69.55,7.0,0,0,1
181,0.0,2,0,0,0,15.05,39.0,1,0,0
182,0.0,3,0,4,2,31.3875,9.0,0,0,1
183,1.0,2,0,2,1,39.0,1.0,0,0,1
184,1.0,3,1,0,2,22.025,4.0,0,0,1
185,0.0,1,0,0,0,50.0,38.0,0,0,1
186,1.0,3,1,1,0,15.5,26.0,0,1,0
187,1.0,1,0,0,0,26.55,45.0,0,0,1
188,0.0,3,0,1,1,15.5,42.0,0,1,0
189,0.0,3,0,0,0,7.8958,36.0,0,0,1
190,1.0,2,1,0,0,13.0,21.0,0,0,1
191,0.0,2,0,0,0,13.0,19.0,0,0,1
192,1.0,3,1,1,0,7.8542,19.0,0,0,1
193,1.0,2,0,1,1,26.0,3.0,0,0,1
194,1.0,1,1,0,0,27.7208,44.0,1,0,0
195,1.0,1,1,0,0,146.5208,59.0,1,0,0
196,0.0,3,0,0,0,7.75,26.0,0,1,0
197,0.0,3,0,0,1,8.4042,42.0,0,0,1
198,1.0,3,1,0,0,7.75,21.0,0,1,0
199,0.0,2,1,0,0,13.0,24.0,0,0,1
200,0.0,3,0,0,0,9.5,28.0,0,0,1
201,0.0,3,0,8,2,69.55,16.0,0,0,1
202,0.0,3,0,0,0,6.4958,34.0,0,0,1
203,0.0,3,0,0,0,7.225,45.0,1,0,0
204,1.0,3,0,0,0,8.05,18.0,0,0,1
205,0.0,3,1,0,1,10.4625,2.0,0,0,1
206,0.0,3,0,1,0,15.85,32.0,0,0,1
207,1.0,3,0,0,0,18.7875,26.0,1,0,0
208,1.0,3,1,0,0,7.75,16.0,0,1,0
209,1.0,1,0,0,0,31.0,39.0,1,0,0
210,0.0,3,0,0,0,7.05,24.0,0,0,1
211,1.0,2,1,0,0,21.0,35.0,0,0,1
212,0.0,3,0,0,0,7.25,22.0,0,0,1
213,0.0,2,0,0,0,13.0,30.0,0,0,1
214,0.0,3,0,1,0,7.75,22.0,0,1,0
215,1.0,1,1,1,0,113.275,31.0,1,0,0
216,1.0,3,1,0,0,7.925,27.0,0,0,1
217,0.0,2,0,1,0,27.0,40.0,0,0,1
218,1.0,1,1,0,0,76.2917,36.0,1,0,0
219,0.0,2,0,0,0,10.5,30.0,0,0,1
220,1.0,3,0,0,0,8.05,20.0,0,0,1
221,0.0,2,0,0,0,13.0,29.0,0,0,1
222,0.0,3,0,0,0,8.05,40.0,0,0,1
223,0.0,3,0,0,0,7.8958,22.0,0,0,1
224,1.0,1,0,1,0,90.0,35.0,0,0,1
225,0.0,3,0,0,0,9.35,22.0,0,0,1
226,1.0,2,0,0,0,10.5,19.0,0,0,1
227,0.0,3,0,0,0,7.25,20.0,0,0,1
228,0.0,2,0,0,0,13.0,18.0,0,0,1
229,0.0,3,1,3,1,25.4667,12.0,0,0,1
230,1.0,1,1,1,0,83.475,35.0,0,0,1
231,0.0,3,0,0,0,7.775,29.0,0,0,1
232,0.0,2,0,0,0,13.5,30.0,0,0,1
233,1.0,3,1,4,2,31.3875,5.0,0,0,1
234,0.0,2,0,0,0,10.5,25.0,0,0,1
235,0.0,3,1,0,0,7.55,21.0,0,0,1
236,0.0,2,0,1,0,26.0,44.0,0,0,1
237,1.0,2,1,0,2,26.25,8.0,0,0,1
238,0.0,2,0,0,0,10.5,19.0,0,0,1
239,0.0,2,0,0,0,12.275,33.0,0,0,1
240,0.0,3,1,1,0,14.4542,19.0,1,0,0
241,1.0,3,1,1,0,15.5,18.0,0,1,0
242,0.0,2,0,0,0,10.5,29.0,0,0,1
243,0.0,3,0,0,0,7.125,22.0,0,0,1
244,0.0,3,0,0,0,7.225,30.0,1,0,0
245,0.0,1,0,2,0,90.0,44.0,0,1,0
246,0.0,3,1,0,0,7.775,25.0,0,0,1
247,1.0,2,1,0,2,14.5,24.0,0,0,1
248,1.0,1,0,1,1,52.5542,37.0,0,0,1
249,0.0,2,0,1,0,26.0,54.0,0,0,1
250,0.0,3,0,0,0,7.25,19.0,0,0,1
251,0.0,3,1,1,1,10.4625,29.0,0,0,1
252,0.0,1,0,0,0,26.55,62.0,0,0,1
253,0.0,3,0,1,0,16.1,30.0,0,0,1
254,0.0,3,1,0,2,20.2125,41.0,0,0,1
255,1.0,3,1,0,2,15.2458,27.0,1,0,0
256,1.0,1,1,0,0,79.2,37.0,1,0,0
257,1.0,1,1,0,0,86.5,30.0,0,0,1
258,1.0,1,1,0,0,512.3292,38.0,1,0,0
259,1.0,2,1,0,1,26.0,60.0,0,0,1
260,0.0,3,0,0,0,7.75,26.0,0,1,0
261,1.0,3,0,4,2,31.3875,3.0,0,0,1
262,0.0,1,0,1,1,79.65,52.0,0,0,1
263,0.0,1,0,0,0,0.0,45.0,0,0,1
264,0.0,3,1,0,0,7.75,23.0,0,1,0
265,0.0,2,0,0,0,10.5,36.0,0,0,1
266,0.0,3,0,4,1,39.6875,16.0,0,0,1
267,1.0,3,0,1,0,7.775,25.0,0,0,1
268,1.0,1,1,0,1,153.4625,59.0,0,0,1
269,1.0,1,1,0,0,135.6333,39.0,0,0,1
270,0.0,1,0,0,0,31.0,28.0,0,0,1
271,1.0,3,0,0,0,0.0,25.0,0,0,1
272,1.0,2,1,0,1,19.5,41.0,0,0,1
273,0.0,1,0,0,1,29.7,36.0,1,0,0
274,1.0,3,1,0,0,7.75,29.0,0,1,0
275,1.0,1,1,1,0,77.9583,62.0,0,0,1
276,0.0,3,1,0,0,7.75,45.0,0,0,1
277,0.0,2,0,0,0,0.0,18.0,0,0,1
278,0.0,3,0,4,1,29.125,7.0,0,1,0
279,1.0,3,1,1,1,20.25,39.0,0,0,1
280,0.0,3,0,0,0,7.75,65.0,0,1,0
281,0.0,3,0,0,0,7.8542,28.0,0,0,1
282,0.0,3,0,0,0,9.5,16.0,0,0,1
283,1.0,3,0,0,0,8.05,18.0,0,0,1
284,0.0,1,0,0,0,26.0,57.0,0,0,1
285,0.0,3,0,0,0,8.6625,33.0,1,0,0
286,1.0,3,0,0,0,9.5,36.0,0,0,1
287,0.0,3,0,0,0,7.8958,22.0,0,0,1
288,1.0,2,0,0,0,13.0,41.0,0,0,1
289,1.0,3,1,0,0,7.75,22.0,0,1,0
290,1.0,1,1,0,0,78.85,26.0,0,0,1
291,1.0,1,1,1,0,91.0792,19.0,1,0,0
292,0.0,2,0,0,0,12.875,36.0,1,0,0
293,0.0,3,1,0,0,8.85,24.0,0,0,1
294,0.0,3,0,0,0,7.8958,24.0,0,0,1
295,0.0,1,0,0,0,27.7208,31.0,1,0,0
296,0.0,3,0,0,0,7.2292,35.0,1,0,0
297,0.0,1,1,1,2,151.55,2.0,0,0,1
298,1.0,1,0,0,0,30.5,47.0,0,0,1
299,1.0,1,1,0,1,247.5208,50.0,1,0,0
300,1.0,3,1,0,0,7.75,20.0,0,1,0
301,1.0,3,0,2,0,23.25,24.0,0,1,0
302,0.0,3,0,0,0,0.0,19.0,0,0,1
303,1.0,2,1,0,0,12.35,46.0,0,1,0
304,0.0,3,0,0,0,8.05,28.0,0,0,1
305,1.0,1,0,1,2,151.55,0.92,0,0,1
306,1.0,1,1,0,0,110.8833,42.0,1,0,0
307,1.0,1,1,1,0,108.9,22.0,1,0,0
308,0.0,2,0,1,0,24.0,30.0,1,0,0
309,1.0,1,1,0,0,56.9292,31.0,1,0,0
310,1.0,1,1,0,0,83.1583,24.0,1,0,0
311,1.0,1,1,2,2,262.375,18.0,1,0,0
312,0.0,2,1,1,1,26.0,26.0,0,0,1
313,0.0,3,0,0,0,7.8958,28.0,0,0,1
314,0.0,2,0,1,1,26.25,47.0,0,0,1
315,1.0,3,1,0,0,7.8542,26.0,0,0,1
316,1.0,2,1,1,0,26.0,24.0,0,0,1
317,0.0,2,0,0,0,14.0,54.0,0,0,1
318,1.0,1,1,0,2,164.8667,31.0,0,0,1
319,1.0,1,1,1,1,134.5,39.0,1,0,0
320,0.0,3,0,0,0,7.25,22.0,0,0,1
321,0.0,3,0,0,0,7.8958,27.0,0,0,1
322,1.0,2,1,0,0,12.35,30.0,0,1,0
323,1.0,2,1,1,1,29.0,28.0,0,0,1
324,0.0,3,0,8,2,69.55,19.0,0,0,1
325,1.0,1,1,0,0,135.6333,36.0,1,0,0
326,0.0,3,0,0,0,6.2375,61.0,0,0,1
327,1.0,2,1,0,0,13.0,36.0,0,0,1
328,1.0,3,1,1,1,20.525,31.0,0,0,1
329,1.0,1,1,0,1,57.9792,17.0,1,0,0
330,1.0,3,1,2,0,23.25,29.0,0,1,0
331,0.0,1,0,0,0,28.5,40.0,0,0,1
332,0.0,1,0,0,1,153.4625,38.0,0,0,1
333,0.0,3,0,2,0,18.0,15.0,0,0,1
334,1.0,1,1,1,0,133.65,42.0,0,0,1
335,0.0,3,0,0,0,7.8958,30.0,0,0,1
336,0.0,1,0,1,0,66.6,29.0,0,0,1
337,1.0,1,1,0,0,134.5,41.0,1,0,0
338,1.0,3,0,0,0,8.05,45.0,0,0,1
339,0.0,1,0,0,0,35.5,45.0,0,0,1
340,1.0,2,0,1,1,26.0,2.0,0,0,1
341,1.0,1,1,3,2,263.0,24.0,0,0,1
342,0.0,2,0,0,0,13.0,27.0,0,0,1
343,0.0,2,0,0,0,13.0,25.0,0,0,1
344,0.0,2,0,0,0,13.0,38.0,0,0,1
345,1.0,2,1,0,0,13.0,18.0,0,0,1
346,1.0,2,1,0,0,13.0,39.0,0,0,1
347,1.0,3,1,1,0,16.1,29.32206313,0,0,1
348,1.0,3,0,1,1,15.9,9.0,0,0,1
349,0.0,3,0,0,0,8.6625,42.0,0,0,1
350,0.0,3,0,0,0,9.225,23.0,0,0,1
351,0.0,1,0,0,0,35.0,43.0,0,0,1
352,0.0,3,0,1,1,7.2292,17.0,1,0,0
353,0.0,3,0,1,0,17.8,25.0,0,0,1
354,0.0,3,0,0,0,7.225,25.0,1,0,0
355,0.0,3,0,0,0,9.5,28.0,0,0,1
356,1.0,1,1,0,1,55.0,22.0,0,0,1
357,0.0,2,1,0,0,13.0,38.0,0,0,1
358,1.0,3,1,0,0,7.8792,22.0,0,1,0
359,1.0,3,1,0,0,7.8792,23.0,0,1,0
360,0.0,3,0,1,4,27.9,40.0,0,0,1
361,0.0,2,0,1,0,27.7208,29.0,1,0,0
362,0.0,3,1,0,1,14.4542,45.0,1,0,0
363,0.0,3,0,0,0,7.05,35.0,0,0,1
364,0.0,3,0,1,0,15.5,27.0,0,1,0
365,0.0,3,0,0,0,7.25,30.0,0,0,1
366,1.0,1,1,1,0,75.25,60.0,1,0,0
367,1.0,3,1,0,0,7.2292,35.0,1,0,0
368,1.0,3,1,0,0,7.75,26.0,0,1,0
369,1.0,1,1,0,0,69.3,24.0,1,0,0
370,1.0,1,0,1,0,55.4417,25.0,1,0,0
371,0.0,3,0,1,0,6.4958,18.0,0,0,1
372,0.0,3,0,0,0,8.05,18.0,0,0,1
373,0.0,1,0,0,0,135.6333,22.0,1,0,0
374,0.0,3,1,3,1,21.075,3.0,0,0,1
375,1.0,1,1,1,0,82.1708,25.0,1,0,0
376,1.0,3,1,0,0,7.25,22.0,0,0,1
377,0.0,1,0,0,2,211.5,27.0,1,0,0
378,0.0,3,0,0,0,4.0125,20.0,1,0,0
379,0.0,3,0,0,0,7.775,19.0,0,0,1
380,1.0,1,1,0,0,227.525,46.0,1,0,0
381,1.0,3,1,0,2,15.7417,1.0,1,0,0
382,0.0,3,0,0,0,7.925,32.0,0,0,1
383,1.0,1,1,1,0,52.0,35.0,0,0,1
384,0.0,3,0,0,0,7.8958,27.0,0,0,1
385,0.0,2,0,0,0,73.5,21.0,0,0,1
386,0.0,3,0,5,2,46.9,1.0,0,0,1
387,1.0,2,1,0,0,13.0,36.0,0,0,1
388,0.0,3,0,0,0,7.7292,20.0,0,1,0
389,1.0,2,1,0,0,12.0,17.0,1,0,0
390,1.0,1,0,1,2,120.0,36.0,0,0,1
391,1.0,3,0,0,0,7.7958,21.0,0,0,1
392,0.0,3,0,2,0,7.925,28.0,0,0,1
393,1.0,1,1,1,0,113.275,23.0,1,0,0
394,1.0,3,1,0,2,16.7,24.0,0,0,1
395,0.0,3,0,0,0,7.7958,22.0,0,0,1
396,0.0,3,1,0,0,7.8542,31.0,0,0,1
397,0.0,2,0,0,0,26.0,46.0,0,0,1
398,0.0,2,0,0,0,10.5,23.0,0,0,1
399,1.0,2,1,0,0,12.65,26.0,0,0,1
400,1.0,3,0,0,0,7.925,39.0,0,0,1
401,0.0,3,0,0,0,8.05,26.0,0,0,1
402,0.0,3,1,1,0,9.825,21.0,0,0,1
403,0.0,3,0,1,0,15.85,28.0,0,0,1
404,0.0,3,1,0,0,8.6625,20.0,0,0,1
405,0.0,2,0,1,0,21.0,33.0,0,0,1
406,0.0,3,0,0,0,7.75,51.0,0,0,1
407,1.0,2,0,1,1,18.75,3.0,0,0,1
408,0.0,3,0,0,0,7.775,21.0,0,0,1
409,0.0,3,1,3,1,25.4667,3.0,0,0,1
410,0.0,3,0,0,0,7.8958,42.0,0,0,1
411,0.0,3,0,0,0,6.8583,27.0,0,1,0
412,1.0,1,1,1,0,90.0,33.0,0,1,0
413,0.0,2,0,0,0,0.0,21.0,0,0,1
414,1.0,3,0,0,0,7.925,44.0,0,0,1
415,0.0,3,1,0,0,8.05,31.0,0,0,1
416,1.0,2,1,1,1,32.5,34.0,0,0,1
417,1.0,2,1,0,2,13.0,17.0,0,0,1
418,0.0,2,0,0,0,13.0,30.0,0,0,1
419,0.0,3,1,0,2,24.15,10.0,0,0,1
420,0.0,3,0,0,0,7.8958,29.32206313,1,0,0
421,0.0,3,0,0,0,7.7333,28.0,0,1,0
422,0.0,3,0,0,0,7.875,29.0,0,0,1
423,0.0,3,1,1,1,14.4,28.0,0,0,1
424,0.0,3,0,1,1,20.2125,18.0,0,0,1
425,0.0,3,0,0,0,7.25,54.0,0,0,1
426,1.0,2,1,1,0,26.0,28.0,0,0,1
427,1.0,2,1,0,0,26.0,19.0,0,0,1
428,0.0,3,0,0,0,7.75,28.0,0,1,0
429,1.0,3,0,0,0,8.05,32.0,0,0,1
430,1.0,1,0,0,0,26.55,28.0,0,0,1
431,1.0,3,1,1,0,16.1,32.0,0,0,1
432,1.0,2,1,1,0,26.0,42.0,0,0,1
433,0.0,3,0,0,0,7.125,17.0,0,0,1
434,0.0,1,0,1,0,55.9,50.0,0,0,1
435,1.0,1,1,1,2,120.0,13.0,0,0,1
436,0.0,3,1,2,2,34.375,20.0,0,0,1
437,1.0,2,1,2,3,18.75,23.0,0,0,1
438,0.0,1,0,1,4,263.0,64.0,0,0,1
439,0.0,2,0,0,0,10.5,31.0,0,0,1
440,1.0,2,1,1,1,26.25,48.0,0,0,1
441,0.0,3,0,0,0,9.5,19.0,0,0,1
442,0.0,3,0,1,0,7.775,25.0,0,0,1
443,1.0,2,1,0,0,13.0,28.0,0,0,1
444,1.0,3,0,0,0,8.1125,29.0,0,0,1
445,1.0,1,0,0,2,81.8583,4.0,0,0,1
446,1.0,2,1,0,1,19.5,13.0,0,0,1
447,1.0,1,0,0,0,26.55,34.0,0,0,1
448,1.0,3,1,2,1,19.2583,5.0,1,0,0
449,1.0,1,0,0,0,30.5,52.0,0,0,1
450,0.0,2,0,1,2,27.75,36.0,0,0,1
451,0.0,3,0,1,0,19.9667,28.0,0,0,1
452,0.0,1,0,0,0,27.75,30.0,1,0,0
453,1.0,1,0,1,0,89.1042,47.0,1,0,0
454,0.0,3,0,0,0,8.05,24.0,0,0,1
455,1.0,3,0,0,0,7.8958,29.0,1,0,0
456,0.0,1,0,0,0,26.55,65.0,0,0,1
457,1.0,1,1,1,0,51.8625,31.0,0,0,1
458,1.0,2,1,0,0,10.5,48.0,0,0,1
459,0.0,3,0,0,0,7.75,16.0,0,1,0
460,1.0,1,0,0,0,26.55,47.0,0,0,1
461,0.0,3,0,0,0,8.05,34.0,0,0,1
462,0.0,1,0,0,0,38.5,47.0,0,0,1
463,0.0,2,0,0,0,13.0,48.0,0,0,1
464,0.0,3,0,0,0,8.05,34.0,0,0,1
465,0.0,3,0,0,0,7.05,37.0,0,0,1
466,0.0,2,0,0,0,0.0,21.0,0,0,1
467,0.0,1,0,0,0,26.55,56.0,0,0,1
468,0.0,3,0,0,0,7.725,22.0,0,1,0
469,1.0,3,1,2,1,19.2583,0.75,1,0,0
470,0.0,3,0,0,0,7.25,39.0,0,0,1
471,0.0,3,0,0,0,8.6625,38.0,0,0,1
472,1.0,2,1,1,2,27.75,33.0,0,0,1
473,1.0,2,1,0,0,13.7917,23.0,1,0,0
474,0.0,3,1,0,0,9.8375,22.0,0,0,1
475,0.0,1,0,0,0,52.0,40.0,0,0,1
476,0.0,2,0,1,0,21.0,33.0,0,0,1
477,0.0,3,0,1,0,7.0458,29.0,0,0,1
478,0.0,3,0,0,0,7.5208,22.0,0,0,1
479,1.0,3,1,0,1,12.2875,2.0,0,0,1
480,0.0,3,0,5,2,46.9,10.0,0,0,1
481,0.0,2,0,0,0,0.0,37.0,0,0,1
482,0.0,3,0,0,0,8.05,50.0,0,0,1
483,1.0,3,1,0,0,9.5875,63.0,0,0,1
484,1.0,1,0,1,0,91.0792,25.0,1,0,0
485,0.0,3,1,3,1,25.4667,8.0,0,0,1
486,1.0,1,1,1,0,90.0,31.0,0,0,1
487,0.0,1,0,0,0,29.7,58.0,1,0,0
488,0.0,3,0,0,0,8.05,30.0,0,0,1
489,1.0,3,0,1,1,15.9,3.0,0,0,1
490,0.0,3,0,1,0,19.9667,19.0,0,0,1
491,0.0,3,0,0,0,7.25,21.0,0,0,1
492,0.0,1,0,0,0,30.5,55.0,0,0,1
493,0.0,1,0,0,0,49.5042,71.0,1,0,0
494,0.0,3,0,0,0,8.05,21.0,0,0,1
495,0.0,3,0,0,0,14.4583,26.0,1,0,0
496,1.0,1,1,1,0,78.2667,54.0,1,0,0
497,0.0,3,0,0,0,15.1,55.0,0,0,1
498,0.0,1,1,1,2,151.55,25.0,0,0,1
499,0.0,3,0,0,0,7.7958,24.0,0,0,1
500,0.0,3,0,0,0,8.6625,17.0,0,0,1
501,0.0,3,1,0,0,7.75,22.0,0,1,0
502,0.0,3,1,0,0,7.6292,21.0,0,1,0
503,0.0,3,1,0,0,9.5875,37.0,0,0,1
504,1.0,1,1,0,0,86.5,20.0,0,0,1
505,0.0,1,0,1,0,108.9,24.0,1,0,0
506,1.0,2,1,0,2,26.0,33.0,0,0,1
507,1.0,1,0,0,0,26.55,37.0,0,0,1
508,0.0,3,0,0,0,22.525,28.0,0,0,1
509,1.0,3,0,0,0,56.4958,26.0,0,0,1
510,1.0,3,0,0,0,7.75,29.0,0,1,0
511,0.0,3,0,0,0,8.05,66.0,0,0,1
512,1.0,1,0,0,0,26.2875,35.0,0,0,1
513,1.0,1,1,1,0,59.4,54.0,1,0,0
514,0.0,3,0,0,0,7.4958,24.0,0,0,1
515,0.0,1,0,0,0,34.0208,48.0,0,0,1
516,1.0,2,1,0,0,10.5,34.0,0,0,1
517,0.0,3,0,0,0,24.15,29.0,0,1,0
518,1.0,2,1,1,0,26.0,36.0,0,0,1
519,0.0,3,0,0,0,7.8958,32.0,0,0,1
520,1.0,1,1,0,0,93.5,33.0,0,0,1
521,0.0,3,0,0,0,7.8958,21.0,0,0,1
522,0.0,3,0,0,0,7.225,30.0,1,0,0
523,1.0,1,1,0,1,57.9792,44.0,1,0,0
524,0.0,3,0,0,0,7.2292,18.0,1,0,0
525,0.0,3,0,0,0,7.75,25.0,0,1,0
526,1.0,2,1,0,0,10.5,50.0,0,0,1
527,0.0,1,0,0,0,221.7792,57.0,0,0,1
528,0.0,3,0,0,0,7.925,39.0,0,0,1
529,0.0,2,0,2,1,11.5,23.0,0,0,1
530,1.0,2,1,1,1,26.0,2.0,0,0,1
531,0.0,3,0,0,0,7.2292,17.0,1,0,0
532,0.0,3,0,1,1,7.2292,15.0,1,0,0
533,1.0,3,1,0,2,22.3583,24.0,1,0,0
534,0.0,3,1,0,0,8.6625,30.0,0,0,1
535,1.0,2,1,0,2,26.25,7.0,0,0,1
536,0.0,1,0,0,0,26.55,46.0,0,0,1
537,1.0,1,1,0,0,106.425,27.0,1,0,0
538,0.0,3,0,0,0,14.5,69.0,0,0,1
539,1.0,1,1,0,2,49.5,22.0,1,0,0
540,1.0,1,1,0,2,71.0,39.0,0,0,1
541,0.0,3,1,4,2,31.275,9.0,0,0,1
542,0.0,3,1,4,2,31.275,11.0,0,0,1
543,1.0,2,0,1,0,26.0,32.0,0,0,1
544,0.0,1,0,1,0,106.425,50.0,1,0,0
545,0.0,1,0,0,0,26.0,64.0,0,0,1
546,1.0,2,1,1,0,26.0,19.0,0,0,1
547,1.0,2,0,0,0,13.8625,26.0,1,0,0
548,0.0,3,0,1,1,20.525,33.0,0,0,1
549,1.0,2,0,1,1,36.75,8.0,0,0,1
550,1.0,1,0,0,2,110.8833,17.0,1,0,0
551,0.0,2,0,0,0,26.0,27.0,0,0,1
552,0.0,3,0,0,0,7.8292,21.0,0,1,0
553,1.0,3,0,0,0,7.225,22.0,1,0,0
554,1.0,3,1,0,0,7.775,22.0,0,0,1
555,0.0,1,0,0,0,26.55,62.0,0,0,1
556,1.0,1,1,1,0,39.6,48.0,1,0,0
557,0.0,1,0,0,0,227.525,29.32206313,1,0,0
558,1.0,1,1,1,1,79.65,39.0,0,0,1
559,1.0,3,1,1,0,17.4,36.0,0,0,1
560,0.0,3,0,0,0,7.75,30.0,0,1,0
561,0.0,3,0,0,0,7.8958,40.0,0,0,1
562,0.0,2,0,0,0,13.5,28.0,0,0,1
563,0.0,3,0,0,0,8.05,39.0,0,0,1
564,0.0,3,1,0,0,8.05,63.0,0,0,1
565,0.0,3,0,2,0,24.15,24.0,0,0,1
566,0.0,3,0,0,0,7.8958,19.0,0,0,1
567,0.0,3,1,0,4,21.075,29.0,0,0,1
568,0.0,3,0,0,0,7.2292,28.0,1,0,0
569,1.0,3,0,0,0,7.8542,32.0,0,0,1
570,1.0,2,0,0,0,10.5,62.0,0,0,1
571,1.0,1,1,2,0,51.4792,53.0,0,0,1
572,1.0,1,0,0,0,26.3875,36.0,0,0,1
573,1.0,3,1,0,0,7.75,22.0,0,1,0
574,0.0,3,0,0,0,8.05,16.0,0,0,1
575,0.0,3,0,0,0,14.5,19.0,0,0,1
576,1.0,2,1,0,0,13.0,34.0,0,0,1
577,1.0,1,1,1,0,55.9,39.0,0,0,1
578,0.0,3,1,1,0,14.4583,18.0,1,0,0
579,1.0,3,0,0,0,7.925,32.0,0,0,1
580,1.0,2,1,1,1,30.0,25.0,0,0,1
581,1.0,1,1,1,1,110.8833,39.0,1,0,0
582,0.0,2,0,0,0,26.0,55.0,0,0,1
583,0.0,1,0,0,0,40.125,36.0,1,0,0
584,0.0,3,0,0,0,8.7125,16.0,1,0,0
585,1.0,1,1,0,2,79.65,18.0,0,0,1
586,0.0,2,0,0,0,15.0,47.0,0,0,1
587,1.0,1,0,1,1,79.2,60.0,1,0,0
588,0.0,3,0,0,0,8.05,22.0,0,0,1
589,0.0,3,0,0,0,8.05,22.0,0,0,1
590,0.0,3,0,0,0,7.125,35.0,0,0,1
591,1.0,1,1,1,0,78.2667,52.0,1,0,0
592,0.0,3,0,0,0,7.25,47.0,0,0,1
593,0.0,3,1,0,2,7.75,40.0,0,1,0
594,0.0,2,0,1,0,26.0,36.0,0,0,1
595,0.0,3,0,1,1,24.15,36.0,0,0,1
596,1.0,2,1,0,0,33.0,31.0,0,0,1
597,0.0,3,0,0,0,0.0,49.0,0,0,1
598,0.0,3,0,0,0,7.225,18.0,1,0,0
599,1.0,1,0,1,0,56.9292,49.0,1,0,0
600,1.0,2,1,2,1,27.0,24.0,0,0,1
601,0.0,3,0,0,0,7.8958,42.0,0,0,1
602,0.0,1,0,0,0,42.4,37.0,0,0,1
603,0.0,3,0,0,0,8.05,44.0,0,0,1
604,1.0,1,0,0,0,26.55,40.0,1,0,0
605,0.0,3,0,1,0,15.55,36.0,0,0,1
606,0.0,3,0,0,0,7.8958,30.0,0,0,1
607,1.0,1,0,0,0,30.5,27.0,0,0,1
608,1.0,2,1,1,2,41.5792,22.0,1,0,0
609,1.0,1,1,0,0,153.4625,40.0,0,0,1
610,0.0,3,1,1,5,31.275,39.0,0,0,1
611,0.0,3,0,0,0,7.05,21.0,0,0,1
612,1.0,3,1,1,0,15.5,25.0,0,1,0
613,0.0,3,0,0,0,7.75,22.0,0,1,0
614,0.0,3,0,0,0,8.05,35.0,0,0,1
615,1.0,2,1,1,2,65.0,24.0,0,0,1
616,0.0,3,0,1,1,14.4,34.0,0,0,1
617,0.0,3,1,1,0,16.1,26.0,0,0,1
618,1.0,2,1,2,1,39.0,4.0,0,0,1
619,0.0,2,0,0,0,10.5,26.0,0,0,1
620,0.0,3,0,1,0,14.4542,27.0,1,0,0
621,1.0,1,0,1,0,52.5542,42.0,0,0,1
622,1.0,3,0,1,1,15.7417,20.0,1,0,0
623,0.0,3,0,0,0,7.8542,21.0,0,0,1
624,0.0,3,0,0,0,16.1,20.0,0,0,1
625,0.0,1,0,0,0,32.3208,61.0,0,0,1
626,0.0,2,0,0,0,12.35,52.0,0,1,0
627,1.0,1,1,0,0,77.9583,21.0,0,0,1
628,0.0,3,0,0,0,7.8958,26.0,0,0,1
629,0.0,3,0,0,0,7.7333,17.0,0,1,0
630,1.0,1,0,0,0,30.0,47.0,0,0,1
631,0.0,3,0,0,0,7.0542,51.0,0,0,1
632,1.0,1,0,0,0,30.5,32.0,1,0,0
633,0.0,1,0,0,0,0.0,29.0,0,0,1
634,0.0,3,1,3,2,27.9,9.0,0,0,1
635,1.0,2,1,0,0,13.0,28.0,0,0,1
636,0.0,3,0,0,0,7.925,32.0,0,0,1
637,0.0,2,0,1,1,26.25,31.0,0,0,1
638,0.0,3,1,0,5,39.6875,41.0,0,0,1
639,0.0,3,0,1,0,16.1,36.0,0,0,1
640,0.0,3,0,0,0,7.8542,20.0,0,0,1
641,1.0,1,1,0,0,69.3,24.0,1,0,0
642,0.0,3,1,3,2,27.9,2.0,0,0,1
643,1.0,3,0,0,0,56.4958,32.0,0,0,1
644,1.0,3,1,2,1,19.2583,4.0,1,0,0
645,1.0,1,0,1,0,76.7292,48.0,1,0,0
646,0.0,3,0,0,0,7.8958,19.0,0,0,1
647,1.0,1,0,0,0,35.5,56.0,1,0,0
648,0.0,3,0,0,0,7.55,18.0,0,0,1
649,1.0,3,1,0,0,7.55,24.0,0,0,1
650,0.0,3,0,0,0,7.8958,23.0,0,0,1
651,1.0,2,1,0,1,23.0,19.0,0,0,1
652,0.0,3,0,0,0,8.4333,21.0,0,0,1
653,1.0,3,1,0,0,7.8292,16.0,0,1,0
654,0.0,3,1,0,0,6.75,18.0,0,1,0
655,0.0,2,0,2,0,73.5,24.0,0,0,1
656,0.0,3,0,0,0,7.8958,27.0,0,0,1
657,0.0,3,1,1,1,15.5,32.0,0,1,0
658,0.0,2,0,0,0,13.0,23.0,0,0,1
659,0.0,1,0,0,2,113.275,58.0,1,0,0
660,1.0,1,0,2,0,133.65,49.0,0,0,1
661,0.0,3,0,0,0,7.225,40.0,1,0,0
662,0.0,1,0,0,0,25.5875,37.0,0,0,1
663,0.0,3,0,0,0,7.4958,36.0,0,0,1
664,1.0,3,0,1,0,7.925,20.0,0,0,1
665,0.0,2,0,2,0,73.5,30.0,0,0,1
666,0.0,2,0,0,0,13.0,25.0,0,0,1
667,0.0,3,0,0,0,7.775,49.0,0,0,1
668,0.0,3,0,0,0,8.05,43.0,0,0,1
669,1.0,1,1,1,0,52.0,48.0,0,0,1
670,1.0,2,1,1,1,39.0,40.0,0,0,1
671,0.0,1,0,1,0,52.0,31.0,0,0,1
672,0.0,2,0,0,0,10.5,71.0,0,0,1
673,1.0,2,0,0,0,13.0,32.0,0,0,1
674,0.0,2,0,0,0,0.0,15.0,0,0,1
675,0.0,3,0,0,0,7.775,18.0,0,0,1
676,0.0,3,0,0,0,8.05,33.0,0,0,1
677,1.0,3,1,0,0,9.8417,18.0,0,0,1
678,0.0,3,1,1,6,46.9,43.0,0,0,1
679,1.0,1,0,0,1,512.3292,36.0,1,0,0
680,0.0,3,1,0,0,8.1375,26.0,0,1,0
681,1.0,1,0,0,0,76.7292,27.0,1,0,0
682,0.0,3,0,0,0,9.225,20.0,0,0,1
683,0.0,3,0,5,2,46.9,14.0,0,0,1
684,0.0,2,0,1,1,39.0,60.0,0,0,1
685,0.0,2,0,1,2,41.5792,25.0,1,0,0
686,0.0,3,0,4,1,39.6875,15.0,0,0,1
687,0.0,3,0,0,0,10.1708,19.0,0,0,1
688,0.0,3,0,0,0,7.7958,18.0,0,0,1
689,1.0,1,1,0,1,211.3375,16.0,0,0,1
690,1.0,1,0,1,0,57.0,31.0,0,0,1
691,1.0,3,1,0,1,13.4167,4.0,1,0,0
692,1.0,3,0,0,0,56.4958,37.0,0,0,1
693,0.0,3,0,0,0,7.225,25.0,1,0,0
694,0.0,1,0,0,0,26.55,59.0,0,0,1
695,0.0,2,0,0,0,13.5,52.0,0,0,1
696,0.0,3,0,0,0,8.05,44.0,0,0,1
697,1.0,3,1,0,0,7.7333,19.0,0,1,0
698,0.0,1,0,1,1,110.8833,49.0,1,0,0
699,0.0,3,0,0,0,7.65,42.0,0,0,1
700,1.0,1,1,1,0,227.525,18.0,1,0,0
701,1.0,1,0,0,0,26.2875,35.0,0,0,1
702,0.0,3,1,0,1,14.4542,12.0,1,0,0
703,0.0,3,0,0,0,7.7417,29.0,0,1,0
704,0.0,3,0,1,0,7.8542,26.0,0,0,1
705,0.0,2,0,0,0,26.0,38.0,0,0,1
706,1.0,2,1,0,0,13.5,45.0,0,0,1
707,1.0,1,0,0,0,26.2875,42.0,0,0,1
708,1.0,1,1,0,0,151.55,22.0,0,0,1
709,1.0,3,0,1,1,15.2458,4.0,1,0,0
710,1.0,1,1,0,0,49.5042,24.0,1,0,0
711,0.0,1,0,0,0,26.55,45.0,0,0,1
712,1.0,1,0,1,0,52.0,48.0,0,0,1
713,0.0,3,0,0,0,9.4833,29.0,0,0,1
714,0.0,2,0,0,0,13.0,52.0,0,0,1
715,0.0,3,0,0,0,7.65,19.0,0,0,1
716,1.0,1,1,0,0,227.525,39.0,1,0,0
717,1.0,2,1,0,0,10.5,27.0,0,0,1
718,0.0,3,0,0,0,15.5,19.0,0,1,0
719,0.0,3,0,0,0,7.775,33.0,0,0,1
720,1.0,2,1,0,1,33.0,6.0,0,0,1
721,0.0,3,0,1,0,7.0542,17.0,0,0,1
722,0.0,2,0,0,0,13.0,34.0,0,0,1
723,0.0,2,0,0,0,13.0,50.0,0,0,1
724,1.0,1,0,1,0,53.1,27.0,0,0,1
725,0.0,3,0,0,0,8.6625,20.0,0,0,1
726,1.0,2,1,3,0,21.0,30.0,0,0,1
727,1.0,3,1,0,0,7.7375,28.0,0,1,0
728,0.0,2,0,1,0,26.0,25.0,0,0,1
729,0.0,3,1,1,0,7.925,25.0,0,0,1
730,1.0,1,1,0,0,211.3375,29.0,0,0,1
731,0.0,3,0,0,0,18.7875,11.0,1,0,0
732,0.0,2,0,0,0,0.0,39.0,0,0,1
733,0.0,2,0,0,0,13.0,23.0,0,0,1
734,0.0,2,0,0,0,13.0,23.0,0,0,1
735,0.0,3,0,0,0,16.1,28.0,0,0,1
736,0.0,3,1,1,3,34.375,48.0,0,0,1
737,1.0,1,0,0,0,512.3292,35.0,1,0,0
738,0.0,3,0,0,0,7.8958,20.0,0,0,1
739,0.0,3,0,0,0,7.8958,32.0,0,0,1
740,1.0,1,0,0,0,30.0,45.0,0,0,1
741,0.0,1,0,1,0,78.85,36.0,0,0,1
742,1.0,1,1,2,2,262.375,21.0,1,0,0
743,0.0,3,0,1,0,16.1,27.0,0,0,1
744,1.0,3,0,0,0,7.925,31.0,0,0,1
745,0.0,1,0,1,1,71.0,70.0,0,0,1
746,0.0,3,0,1,1,20.25,16.0,0,0,1
747,1.0,2,1,0,0,13.0,30.0,0,0,1
748,0.0,1,0,1,0,53.1,18.0,0,0,1
749,0.0,3,0,0,0,7.75,31.0,0,1,0
750,1.0,2,1,1,1,23.0,4.0,0,0,1
751,1.0,3,0,0,1,12.475,7.0,0,0,1
752,0.0,3,0,0,0,9.5,35.0,0,0,1
753,0.0,3,0,0,0,7.8958,23.0,0,0,1
754,1.0,2,1,1,2,65.0,48.0,0,0,1
755,1.0,2,0,1,1,14.5,1.0,0,0,1
756,0.0,3,0,0,0,7.7958,24.0,0,0,1
757,0.0,2,0,0,0,11.5,18.0,0,0,1
758,0.0,3,0,0,0,8.05,34.0,0,0,1
759,1.0,1,1,0,0,86.5,34.0,0,0,1
760,0.0,3,0,0,0,14.5,21.0,0,0,1
761,0.0,3,0,0,0,7.125,41.0,0,0,1
762,1.0,3,0,0,0,7.2292,27.0,1,0,0
763,1.0,1,1,1,2,120.0,36.0,0,0,1
764,0.0,3,0,0,0,7.775,16.0,0,0,1
765,1.0,1,1,1,0,77.9583,51.0,0,0,1
766,0.0,1,0,0,0,39.6,45.0,1,0,0
767,0.0,3,1,0,0,7.75,32.0,0,1,0
768,0.0,3,0,1,0,24.15,27.0,0,1,0
769,0.0,3,0,0,0,8.3625,32.0,0,0,1
770,0.0,3,0,0,0,9.5,24.0,0,0,1
771,0.0,3,0,0,0,7.8542,48.0,0,0,1
772,0.0,2,1,0,0,10.5,57.0,0,0,1
773,0.0,3,0,0,0,7.225,29.0,1,0,0
774,1.0,2,1,1,3,23.0,54.0,0,0,1
775,0.0,3,0,0,0,7.75,18.0,0,0,1
776,0.0,3,0,0,0,7.75,20.0,0,1,0
777,1.0,3,1,0,0,12.475,6.0,0,0,1
778,0.0,3,0,0,0,7.7375,22.0,0,1,0
779,1.0,1,1,0,1,211.3375,43.0,0,0,1
780,1.0,3,1,0,0,7.2292,15.0,1,0,0
781,1.0,1,1,1,0,57.0,17.0,0,0,1
782,0.0,1,0,0,0,30.0,29.0,0,0,1
783,0.0,3,0,1,2,23.45,35.0,0,0,1
784,0.0,3,0,0,0,7.05,25.0,0,0,1
785,0.0,3,0,0,0,7.25,25.0,0,0,1
786,1.0,3,1,0,0,7.4958,18.0,0,0,1
787,0.0,3,0,4,1,29.125,8.0,0,1,0
788,1.0,3,0,1,2,20.575,1.0,0,0,1
789,0.0,1,0,0,0,79.2,46.0,1,0,0
790,0.0,3,0,0,0,7.75,23.0,0,1,0
791,0.0,2,0,0,0,26.0,18.0,0,0,1
792,0.0,3,1,8,2,69.55,20.0,0,0,1
793,0.0,1,0,0,0,30.6958,42.0,1,0,0
794,0.0,3,0,0,0,7.8958,25.0,0,0,1
795,0.0,2,0,0,0,13.0,39.0,0,0,1
796,1.0,1,1,0,0,25.9292,49.0,0,0,1
797,1.0,3,1,0,0,8.6833,31.0,0,0,1
798,0.0,3,0,0,0,7.2292,33.0,1,0,0
799,0.0,3,1,1,1,24.15,30.0,0,0,1
800,0.0,2,0,0,0,13.0,34.0,0,0,1
801,1.0,2,1,1,1,26.25,31.0,0,0,1
802,1.0,1,0,1,2,120.0,11.0,0,0,1
803,1.0,3,0,0,1,8.5167,0.42,1,0,0
804,1.0,3,0,0,0,6.975,27.0,0,0,1
805,0.0,3,0,0,0,7.775,31.0,0,0,1
806,0.0,1,0,0,0,0.0,39.0,0,0,1
807,0.0,3,1,0,0,7.775,18.0,0,0,1
808,0.0,2,0,0,0,13.0,31.0,0,0,1
809,1.0,1,1,1,0,53.1,32.0,0,0,1
810,0.0,3,0,0,0,7.8875,23.0,0,0,1
811,0.0,3,0,0,0,24.15,39.0,0,0,1
812,0.0,2,0,0,0,10.5,35.0,0,0,1
813,0.0,3,1,4,2,31.275,6.0,0,0,1
814,0.0,3,0,0,0,8.05,22.0,0,0,1
815,0.0,1,0,0,0,0.0,39.0,0,0,1
816,0.0,3,1,0,0,7.925,23.0,0,0,1
817,0.0,2,0,1,1,37.0042,31.0,1,0,0
818,0.0,3,0,0,0,6.45,43.0,0,0,1
819,0.0,3,0,3,2,27.9,11.0,0,0,1
820,1.0,1,1,1,1,93.5,52.0,0,0,1
821,1.0,3,0,0,0,8.6625,29.0,0,0,1
822,0.0,1,0,0,0,0.0,38.0,0,0,1
823,1.0,3,1,0,1,12.475,29.0,0,0,1
824,0.0,3,0,4,1,39.6875,2.0,0,0,1
825,0.0,3,0,0,0,6.95,42.0,0,1,0
826,0.0,3,0,0,0,56.4958,23.0,0,0,1
827,1.0,2,0,0,2,37.0042,1.0,1,0,0
828,1.0,3,0,0,0,7.75,19.0,0,1,0
829,1.0,1,1,0,0,80.0,62.0,0,0,1
830,1.0,3,1,1,0,14.4542,15.0,1,0,0
831,1.0,2,0,1,1,18.75,0.75,0,0,1
832,0.0,3,0,0,0,7.2292,30.0,1,0,0
833,0.0,3,0,0,0,7.8542,23.0,0,0,1
834,0.0,3,0,0,0,8.3,15.0,0,0,1
835,1.0,1,1,1,1,83.1583,39.0,1,0,0
836,0.0,3,0,0,0,8.6625,21.0,0,0,1
837,0.0,3,0,0,0,8.05,20.0,0,0,1
838,1.0,3,0,0,0,56.4958,32.0,0,0,1
839,1.0,1,0,0,0,29.7,28.0,1,0,0
840,0.0,3,0,0,0,7.925,19.0,0,0,1
841,0.0,2,0,0,0,10.5,16.0,0,0,1
842,1.0,1,1,0,0,31.0,30.0,1,0,0
843,0.0,3,0,0,0,6.4375,30.0,1,0,0
844,0.0,3,0,0,0,8.6625,17.0,0,0,1
845,0.0,3,0,0,0,7.55,40.0,0,0,1
846,0.0,3,0,8,2,69.55,18.0,0,0,1
847,0.0,3,0,0,0,7.8958,35.0,1,0,0
848,0.0,2,0,0,1,33.0,39.0,0,0,1
849,1.0,1,1,1,0,89.1042,40.0,1,0,0
850,0.0,3,0,4,2,31.275,4.0,0,0,1
851,0.0,3,0,0,0,7.775,74.0,0,0,1
852,0.0,3,1,1,1,15.2458,7.0,1,0,0
853,1.0,1,1,0,1,39.4,16.0,0,0,1
854,0.0,2,1,1,0,26.0,45.0,0,0,1
855,1.0,3,1,0,1,9.35,18.0,0,0,1
856,1.0,1,1,1,1,164.8667,45.0,0,0,1
857,1.0,1,0,0,0,26.55,51.0,0,0,1
858,1.0,3,1,0,3,19.2583,24.0,1,0,0
859,0.0,3,0,0,0,7.2292,30.0,1,0,0
860,0.0,3,0,2,0,14.1083,41.0,0,0,1
861,0.0,2,0,1,0,11.5,20.0,0,0,1
862,1.0,1,1,0,0,25.9292,46.0,0,0,1
863,0.0,3,1,8,2,69.55,14.0,0,0,1
864,0.0,2,0,0,0,13.0,24.0,0,0,1
865,1.0,2,1,0,0,13.0,42.0,0,0,1
866,1.0,2,1,1,0,13.8583,27.0,1,0,0
867,0.0,1,0,0,0,50.4958,31.0,0,0,1
868,0.0,3,0,0,0,9.5,23.0,0,0,1
869,1.0,3,0,1,1,11.1333,4.0,0,0,1
870,0.0,3,0,0,0,7.8958,26.0,0,0,1
871,1.0,1,1,1,1,52.5542,46.0,0,0,1
872,0.0,1,0,0,0,5.0,33.0,0,0,1
873,0.0,3,0,0,0,9.0,46.0,0,0,1
874,1.0,2,1,1,0,24.0,28.0,1,0,0
875,1.0,3,1,0,0,7.225,15.0,1,0,0
876,0.0,3,0,0,0,9.8458,19.0,0,0,1
877,0.0,3,0,0,0,7.8958,19.0,0,0,1
878,0.0,3,0,0,0,7.8958,23.0,0,0,1
879,1.0,1,1,0,1,83.1583,56.0,1,0,0
880,1.0,2,1,0,1,26.0,25.0,0,0,1
881,0.0,3,0,0,0,7.8958,33.0,0,0,1
882,0.0,3,1,0,0,10.5167,22.0,0,0,1
883,0.0,2,0,0,0,10.5,28.0,0,0,1
884,0.0,3,0,0,0,7.05,25.0,0,0,1
885,0.0,3,1,0,5,29.125,39.0,0,1,0
886,0.0,2,0,0,0,13.0,27.0,0,0,1
887,1.0,1,1,0,0,30.0,19.0,0,0,1
888,0.0,3,1,1,2,23.45,7.0,0,0,1
889,1.0,1,0,0,0,30.0,26.0,1,0,0
890,0.0,3,0,0,0,7.75,43.0,0,1,0
